DSS y Ruta Materna Perinatal,Fecha,Región en Salud,Región Salud,Municipio,NOMBRE DEL PRESTADOR - ESE,Servicios,"Problema trazador priorizado",Fuentes,Responsable del diligenciamiento,"Identificación de Determinantes Sociales de la Salud										",Identificación de Determinantes Sociales de la Salud.,Categoría del determinante,Subcategoría,Determinante identificado,Descripción del hallazgo,Evidencia o fuente de información,Relación con el problema trazador,Nivel de incidencia,"Barrera identificada, marcacion multiple.",Oportunidad de mejora preliminar,Observaciones,Síntesis del análisis DSS,Determinante crítico identificado,Categoría principal asociada,Barrera más relevante,Relación con la Ruta Materna Perinatal,Oportunidad de mejora prioritaria,Insumo para Protocolo de Londres,Síntesis del análisis Ruta Materna,Motivo de canalización,Tipo de Canalización (Receptor) *,Comentarios Adicionales,Matriz de análisis de la Ruta Materno Perinatal,Número,Momento de la ruta,Atención clave,Actividad esperada,Indicador de seguimiento,Meta establecida (Ingrese la meta institucional o territorial esperada en  porcentaje),Meta alcanzada (Ingresa el resultado logrado en porcentaje),Brecha (Se calcula como meta establecida menos meta alcanzada),Semáforo,Evidencia o fuente de verificación,Cumplimiento,Brecha identificada (Describa la diferencia entre lo esperado y lo observado),Tipo de Barrera,Barrera de acceso o continuidad,Tipo de determinante,Determinante relacionado,Relación con el problema trazador,Nivel de criticidad,Oportunidad de mejora (Propongo una acción concreta para cerrar la brecha y fortalecer la ruta),Responsable sugerido,Observaciones
DSS y Ruta Materna Perinatal,,Bajo Magdalena,Bajo Magdalena,Caparrapí,E.S.E. HOSPITAL SAN JOSE DE GUADUAS,Anestesiología,Anestesiología,RIPS,,"Identificación de Determinantes Sociales de la Salud										",1,Determinantes estructurales,Contexto socioeconómico y político,,,Historia clínica,Directa,Alto,Pobreza e inequidad económica,,,Síntesis del análisis DSS,,,Pobreza e inequidad económica,"Incapacidad económica para cubrir gastos de transporte, medicamentos o exámenes no cubiertos",,,Síntesis del análisis Ruta Materna,Gestante sin control prenatal o no adherente a controles.,"

1. Canalizaciones entre entornos de vida cotidiana
",,Matriz de análisis de la Ruta Materno Perinatal,1,Planificación familiar y anticoncepción,Consejería anticonceptiva,Valorar intención reproductiva,Cobertura de anticoncepción,100%,100%,0%,Muy bueno,Historia clínica,Cumple,,Barreras Administrativas,Demoras en la asignación de citas de control prenatal y especialidades,Determinantes Estructurales,Inequidad socioeconómica y pobreza monetaria o extrema,Directa,Alto,,,
DSS y Ruta Materna Perinatal,,Bajo Magdalena,Bajo Magdalena,Chaguaní,E.S.E. HOSPITAL SAN JOSE DE GUADUAS,Atención Domiciliaria,Atención Domiciliaria,Registros de atención,,"Identificación de Determinantes Sociales de la Salud										",2,Determinantes estructurales,Posición social,,,RIPS,Indirecta,Medio,Falta de acceso a educación de calidad,,,Síntesis del análisis DSS,,,Falta de acceso a educación de calidad,Inestabilidad laboral e imposibilidad de obtener permisos para asistir a los controles informados,,,Síntesis del análisis Ruta Materna,Persona gestante o post evento obstétrico con diagnóstico de VIH sin inclusión en el programa,"

1. Canalizaciones entre entornos de vida cotidiana
",,Matriz de análisis de la Ruta Materno Perinatal,2,Planificación familiar y anticoncepción,Consejería anticonceptiva,Valorar intención reproductiva,Demanda insatisfecha de anticoncepción,100%,99%,1%,Muy bueno,RIPS,Cumple parcialmente,,Barreras Administrativas,Trámites complejos y demoras en autorizaciones,Determinantes Estructurales,"Nivel educativo, analfabetismo o bajo logro académico",Indirecta,Medio,,,
DSS y Ruta Materna Perinatal,,Bajo Magdalena,Bajo Magdalena,Guaduas,E.S.E. HOSPITAL SAN JOSE DE GUADUAS,Banco de Sangre,Banco de Sangre,Reportes estadísticos,,"Identificación de Determinantes Sociales de la Salud										",3,Determinantes estructurales,Políticas públicas,,,Reporte de evento adverso,Contribuyente,Bajo,Desempleo e informalidad laboral,,,Síntesis del análisis DSS,,,Desempleo e informalidad laboral,Baja alfabetización en salud materna y desconocimiento de los derechos e importancia de la ruta,,,Síntesis del análisis Ruta Materna,Persona gestante con diagnóstico de sífilis sin tratamiento y/o sin seguimiento serológico,"

1. Canalizaciones entre entornos de vida cotidiana
",,Matriz de análisis de la Ruta Materno Perinatal,3,Planificación familiar y anticoncepción,Consejería anticonceptiva,Valorar intención reproductiva,Seguimiento post entrega del método,100%,98%,2%,Muy bueno,Reporte de evento adverso,No cumple,,Barreras Administrativas,Fragmentación de la red de prestadores,Determinantes Estructurales,"Pertenencia étnica, racismo y discriminación estructural",Contribuyente,Bajo,,,
DSS y Ruta Materna Perinatal,,Bajo Magdalena,Bajo Magdalena,Puerto Salgar,E.S.E. HOSPITAL DIOGENES TRONCOSO DE PUERTO SALGAR,Cardiología,Cardiología,Bases de datos internas,,"Identificación de Determinantes Sociales de la Salud										",4,Determinantes estructurales,Organización del sistema de salud,,,Entrevista al paciente/familia,Condicionante,,Inseguridad alimentaria y malnutrición,,,Síntesis del análisis DSS,,,Inseguridad alimentaria y malnutrición,Barreras geográficas y gran distancia o falta de transporte hacia centros de atención materna capacitados,,,Síntesis del análisis Ruta Materna,Gestante en quien se confirmó o se sospechó ETV,"

1. Canalizaciones entre entornos de vida cotidiana
",,Matriz de análisis de la Ruta Materno Perinatal,4,Planificación familiar y anticoncepción,Consejería anticonceptiva,Informar opciones y signos de alarma,Cobertura de anticoncepción,100%,97%,3%,Muy bueno,Entrevista al paciente/familia,No aplica,,Barreras Administrativas,Inexistencia o vencimiento de convenios entre EAPB e IPS,Determinantes Estructurales,"Desigualdad territorial, aislamiento y ruralidad dispersa",Condicionante,,,,
DSS y Ruta Materna Perinatal,,Centro,Centro,Anapoima,E.S.E. HOSPITAL PEDRO LEON ALVAREZ DIAZ,Central de Mezclas,Central de Mezclas,Otra fuente oficial,,"Identificación de Determinantes Sociales de la Salud										",5,Determinantes estructurales,Condiciones territoriales,,,Entrevista al personal,Por confirmar,,Vivienda inadecuada o precaria,,,Síntesis del análisis DSS,,,Vivienda inadecuada o precaria,"Falta de acceso a agua potable, saneamiento básico e higiene adecuada durante la gestación",,,Síntesis del análisis Ruta Materna,Persona gestante sin consulta odontológica,"

1. Canalizaciones entre entornos de vida cotidiana
",,Matriz de análisis de la Ruta Materno Perinatal,5,Planificación familiar y anticoncepción,Consejería anticonceptiva,Informar opciones y signos de alarma,Demanda insatisfecha de anticoncepción,100%,96%,4%,Muy bueno,Entrevista al personal,,,Barreras Administrativas,Falta de portabilidad del aseguramiento,Determinantes Estructurales,"Políticas públicas, gobernanza e inversión en salud insuficientes",Por confirmar,,,,
DSS y Ruta Materna Perinatal,,Centro,Centro,Anolaima,E.S.E. HOSPITAL SAN ANTONIO DE ANOLAIMA,Cirugía Cardiovascular,Cirugía Cardiovascular,,,"Identificación de Determinantes Sociales de la Salud										",6,Determinantes estructurales,Nivel educativo,,,Observación directa,,,"Falta de acceso a servicios básicos (agua potable, saneamiento, electricidad)",,,Síntesis del análisis DSS,,,"Falta de acceso a servicios básicos (agua potable, saneamiento, electricidad)",Inseguridad alimentaria y desnutrición en la gestante,,,Síntesis del análisis Ruta Materna,Persona gestante con morbilidades crónicas,"

1. Canalizaciones entre entornos de vida cotidiana
",,Matriz de análisis de la Ruta Materno Perinatal,6,Planificación familiar y anticoncepción,Consejería anticonceptiva,Informar opciones y signos de alarma,Seguimiento post entrega del método,100%,95%,5%,Muy bueno,Observación directa,,,Barreras Administrativas,Inconsistencias en la afiliación y bases de datos,Determinantes Estructurales,"Contexto de conflicto armado, orden público y violencia estructural",,,,,
DSS y Ruta Materna Perinatal,,Centro,Centro,Cachipay,E.S.E. HOSPITAL PEDRO LEON ALVAREZ DIAZ,Cirugía General,Cirugía General,,,"Identificación de Determinantes Sociales de la Salud										",7,Determinantes estructurales,Ocupación,,,Auditoría clínica,,,Barreras geográficas y deficiencia en el transporte público,,,Síntesis del análisis DSS,,,Barreras geográficas y deficiencia en el transporte público,Falta de aseguramiento en salud o trámites administrativos complejos e inequitativos,,,Síntesis del análisis Ruta Materna,Persona gestante o con sospecha de embarazo y deseo de Interrupción Voluntaria del Embarazo,"

1. Canalizaciones entre entornos de vida cotidiana
",,Matriz de análisis de la Ruta Materno Perinatal,7,Planificación familiar y anticoncepción,Consejería anticonceptiva,Garantizar acceso efectivo al método,Cobertura de anticoncepción,100%,94%,6%,Muy bueno,Auditoría clínica,,,Barreras Administrativas,Agendas cerradas para procedimientos y consultas,Determinantes Estructurales,Discriminación y brechas de género en el acceso a oportunidades,,,,,
DSS y Ruta Materna Perinatal,,Centro,Centro,El Colegio,ESE HOSPITAL NUESTRA SEÑORA DEL CARMEN DE EL COLEGIO,Cirugía Maxilofacial,Cirugía Maxilofacial,,,"Identificación de Determinantes Sociales de la Salud										",8,Determinantes estructurales,Ingresos,,,Comité de seguridad del paciente,,,Inequidad y barreras financieras en el acceso a la atención médica,,,Síntesis del análisis DSS,,,Inequidad y barreras financieras en el acceso a la atención médica,"Discriminación, xenofobia o maltrato (violencia obstétrica) hacia poblaciones vulnerables, afro o indígenas",,,Síntesis del análisis Ruta Materna,Persona en puerperio o post aborto sin método anticonceptivo,"

1. Canalizaciones entre entornos de vida cotidiana
",,Matriz de análisis de la Ruta Materno Perinatal,8,Planificación familiar y anticoncepción,Consejería anticonceptiva,Garantizar acceso efectivo al método,Demanda insatisfecha de anticoncepción,100%,93%,7%,Muy bueno,Comité de seguridad del paciente,,,Barreras Administrativas,Exigencia indebida de copagos o cuotas moderadoras,Determinantes Estructurales,"Dinámicas de migración, desplazamiento forzado e informalidad legal",,,,,
DSS y Ruta Materna Perinatal,,Centro,Centro,La Mesa,E.S.E. HOSPITAL PEDRO LEON ALVAREZ DIAZ,Cirugía Pediátrica,Cirugía Pediátrica,,,"Identificación de Determinantes Sociales de la Salud										",9,Determinantes estructurales,Pertenencia étnica,,,Reporte estadístico,,,"Discriminación y exclusión social (por género, raza, etnia, edad o estatus migratorio)",,,Síntesis del análisis DSS,,,"Discriminación y exclusión social (por género, raza, etnia, edad o estatus migratorio)",Barreras lingüísticas y culturales en la atención del embarazo y parto respetado,,,Síntesis del análisis Ruta Materna,Neonato sin consulta de control del recién nacido,"

1. Canalizaciones entre entornos de vida cotidiana
",,Matriz de análisis de la Ruta Materno Perinatal,9,Planificación familiar y anticoncepción,Consejería anticonceptiva,Garantizar acceso efectivo al método,Seguimiento post entrega del método,100%,92%,8%,Muy bueno,Reporte estadístico,,,Barreras Geográficas y de Acceso Físico,Distancias prolongadas entre la residencia y la IPS,Determinantes Intermedios,"Condiciones de la vivienda, hacinamiento y materialidad precaria",,,,,
DSS y Ruta Materna Perinatal,,Centro,Centro,Quipile,E.S.E. HOSPITAL SAN ANTONIO DE ANOLAIMA,Cirugía Plástica,Cirugía Plástica,,,"Identificación de Determinantes Sociales de la Salud										",10,Determinantes estructurales,Género,,,Base de datos institucional,,,Entornos ambientales contaminados o de alto riesgo,,,Síntesis del análisis DSS,,,Entornos ambientales contaminados o de alto riesgo,"Vivienda en hacinamiento, precariedad o exposición a entornos de contaminación y violencia",,,Síntesis del análisis Ruta Materna,Menor de un año con antecedentes de bajo peso al nacer sin control (2500 Gr),"

1. Canalizaciones entre entornos de vida cotidiana
",,Matriz de análisis de la Ruta Materno Perinatal,10,Planificación familiar y anticoncepción,Consejería anticonceptiva,Registrar consentimiento y seguimiento,Cobertura de anticoncepción,100%,91%,9%,Muy bueno,Base de datos institucional,,,Barreras Geográficas y de Acceso Físico,Escasez o alto costo del transporte,Determinantes Intermedios,"Cobertura, disponibilidad y acceso a agua potable",,,,,
DSS y Ruta Materna Perinatal,,Centro,Centro,San Antonio Del Tequendama,E.S.E. HOSPITAL SAN ANTONIO DEL TEQUENDAMA,Consulta Externa,Consulta Externa,,,"Identificación de Determinantes Sociales de la Salud										",11,Determinantes estructurales,Aseguramiento,,,Otra fuente oficial,,,"Violencia, inseguridad ciudadana y conflicto social",,,Síntesis del análisis DSS,,,"Violencia, inseguridad ciudadana y conflicto social",Falta de redes de apoyo familiar o comunitario para el cuidado del hogar durante las citas y el parto,,,Síntesis del análisis Ruta Materna,Menor de un año con antecedentes de prematuridad (menor de 37 semanas) sin control en programa madre canguro,"

1. Canalizaciones entre entornos de vida cotidiana
",,Matriz de análisis de la Ruta Materno Perinatal,11,Planificación familiar y anticoncepción,Consejería anticonceptiva,Registrar consentimiento y seguimiento,Demanda insatisfecha de anticoncepción,100%,90%,10%,Muy bueno,Otra fuente oficial,,,Barreras Geográficas y de Acceso Físico,Mal estado de las vías de acceso,Determinantes Intermedios,"Condiciones de trabajo, empleo informal, sobrecarga laboral u ocupación riesgosa",,,,,
DSS y Ruta Materna Perinatal,,Centro,Centro,Tena,E.S.E. HOSPITAL PEDRO LEON ALVAREZ DIAZ,Dermatología,Dermatología,,,"Identificación de Determinantes Sociales de la Salud										",12,Determinantes estructurales,Otros,,,,,,"Barreras lingüísticas, culturales y de alfabetización en salud",,,Síntesis del análisis DSS,,,"Barreras lingüísticas, culturales y de alfabetización en salud",Falta de continuidad y fragmentación en la prestación de servicios entre niveles de atención de la ruta,,,Síntesis del análisis Ruta Materna,Menor de un año con diagnóstico de malformaciones congénitas mayores sin seguimiento,"

1. Canalizaciones entre entornos de vida cotidiana
",,Matriz de análisis de la Ruta Materno Perinatal,12,Planificación familiar y anticoncepción,Consejería anticonceptiva,Registrar consentimiento y seguimiento,Seguimiento post entrega del método,100%,89%,11%,Bueno,,,,Barreras Geográficas y de Acceso Físico,Dificultades de acceso por condiciones climáticas o fluviales,Determinantes Intermedios,Deficiencia en saneamiento básico y manejo de excretas o basuras,,,,,
DSS y Ruta Materna Perinatal,,Centro Oriente Almeidas,Centro Oriente Almeidas,Chocontá,E.S.E. REGION DE SALUD CENTRO ORIENTE ALMEIDAS,Ecocardiografía,Ecocardiografía,,,"Identificación de Determinantes Sociales de la Salud										",,Determinantes intermedios,Circunstancias materiales,,,,,,Falta de políticas públicas e inversión en protección social,,,,,,Falta de políticas públicas e inversión en protección social,,,,Síntesis del análisis Ruta Materna,Neonato sin seguimiento al resultado de TSH neonatal (hipotiroidismo),"

1. Canalizaciones entre entornos de vida cotidiana
",,Matriz de análisis de la Ruta Materno Perinatal,13,Planificación familiar y anticoncepción,Entrega o aplicación de método,Valorar intención reproductiva,Cobertura de anticoncepción,100%,88%,12%,Bueno,,,,Barreras Geográficas y de Acceso Físico,Ausencia de centros de salud con capacidad resolutiva en zonas rurales,Determinantes Intermedios,Inseguridad alimentaria y nutricional en el hogar,,,,,
DSS y Ruta Materna Perinatal,,Centro Oriente Almeidas,Centro Oriente Almeidas,Macheta,E.S.E. REGION DE SALUD CENTRO ORIENTE ALMEIDAS,Ecografía,Ecografía,,,"Identificación de Determinantes Sociales de la Salud										",,Determinantes intermedios,Condiciones de vivienda,,,,,,Débil infraestructura social y falta de redes de apoyo comunitario,,,,,,Débil infraestructura social y falta de redes de apoyo comunitario,,,,Síntesis del análisis Ruta Materna,Persona gestante sin esquema de vacunación adecuado para la edad gestacional,"

1. Canalizaciones entre entornos de vida cotidiana
",,Matriz de análisis de la Ruta Materno Perinatal,14,Planificación familiar y anticoncepción,Entrega o aplicación de método,Valorar intención reproductiva,Demanda insatisfecha de anticoncepción,100%,87%,13%,Bueno,,,,Barreras Geográficas y de Acceso Físico,Falta de casas maternas o albergues en zonas dispersas,Determinantes Intermedios,"Cobertura, accesibilidad, infraestructura y capacidad de la red de servicios de salud",,,,,
DSS y Ruta Materna Perinatal,,Centro Oriente Almeidas,Centro Oriente Almeidas,Manta,E.S.E. REGION DE SALUD CENTRO ORIENTE ALMEIDAS,Electrocardiografía,Electrocardiografía,,,"Identificación de Determinantes Sociales de la Salud										",,Determinantes intermedios,Disponibilidad de alimentos,,,,,,Otros,,,,,,Otros,,,,Síntesis del análisis Ruta Materna,Persona gestante con antecedente de signos o síntomas de alarma para seguimiento por la EAPB.,"

1. Canalizaciones entre entornos de vida cotidiana
",,Matriz de análisis de la Ruta Materno Perinatal,15,Planificación familiar y anticoncepción,Entrega o aplicación de método,Valorar intención reproductiva,Seguimiento post entrega del método,100%,86%,14%,Bueno,,,,"Barreras Culturales, Sociales y Lingüísticas",Barreras de lenguaje y falta de intérpretes,Determinantes Intermedios,"Barreras de transporte, vías de comunicación y conectividad",,,,,
DSS y Ruta Materna Perinatal,,Centro Oriente Almeidas,Centro Oriente Almeidas,Suesca,E.S.E. HOSPITAL NUESTRA SEÑORA DEL ROSARIO SUESCA,Endocrinología,Endocrinología,,,"Identificación de Determinantes Sociales de la Salud										",,Determinantes intermedios,Transporte,,,,,,,,,,,,,,,,Síntesis del análisis Ruta Materna,Persona gestante no valorada por nutricionista o con alteración nutricional,"

1. Canalizaciones entre entornos de vida cotidiana
",,Matriz de análisis de la Ruta Materno Perinatal,16,Planificación familiar y anticoncepción,Entrega o aplicación de método,Informar opciones y signos de alarma,Cobertura de anticoncepción,100%,85%,15%,Bueno,,,,"Barreras Culturales, Sociales y Lingüísticas",Conflicto entre medicina occidental y prácticas ancestrales o tradicionales,Determinantes Intermedios,"Existencia, fortaleza y acceso a redes de apoyo social, comunitario o familiar",,,,,
DSS y Ruta Materna Perinatal,,Centro Oriente Almeidas,Centro Oriente Almeidas,Tibirita,E.S.E. REGION DE SALUD CENTRO ORIENTE ALMEIDAS,Endoscopia Digestiva,Endoscopia Digestiva,,,"Identificación de Determinantes Sociales de la Salud										",,Determinantes intermedios,Factores biológicos,,,,,,,,,,,,,,,,Síntesis del análisis Ruta Materna,Persona gestante o en post parto que identifica una situación emocional que en ese momento afecta su vida,"

1. Canalizaciones entre entornos de vida cotidiana
",,Matriz de análisis de la Ruta Materno Perinatal,17,Planificación familiar y anticoncepción,Entrega o aplicación de método,Informar opciones y signos de alarma,Demanda insatisfecha de anticoncepción,100%,84%,16%,Bueno,,,,"Barreras Culturales, Sociales y Lingüísticas","Creencias, mitos y tabúes sobre la gestación y el parto",Determinantes Intermedios,"Exposición a factores ambientales, contaminación y vectores de enfermedad",,,,,
DSS y Ruta Materna Perinatal,,Centro Oriente Almeidas,Centro Oriente Almeidas,Villapinzón,E.S.E. REGION DE SALUD CENTRO ORIENTE ALMEIDAS,Farmacia Hospitalaria,Farmacia Hospitalaria,,,"Identificación de Determinantes Sociales de la Salud										",,Determinantes intermedios,Factores conductuales,,,,,,,,,,,,,,,,Síntesis del análisis Ruta Materna,Mujer con intención reproductiva sin consulta preconcepcional,"

1. Canalizaciones entre entornos de vida cotidiana
",,Matriz de análisis de la Ruta Materno Perinatal,18,Planificación familiar y anticoncepción,Entrega o aplicación de método,Informar opciones y signos de alarma,Seguimiento post entrega del método,100%,83%,17%,Bueno,,,,"Barreras Culturales, Sociales y Lingüísticas",Falta de autonomía de la gestante por dinámicas de género o familiares,Determinantes Proximales (Individuales),Edad de la gestante (gestación en adolescencia o edad materna avanzada),,,,,
DSS y Ruta Materna Perinatal,,Centro Oriente Guavio,Centro Oriente Guavio,Gachala,E.S.E. HOSPITAL SAN FRANCISCO DE GACHETA,Fonoaudiología,Fonoaudiología,,,"Identificación de Determinantes Sociales de la Salud										",,Determinantes intermedios,Factores psicosociales,,,,,,,,,,,,,,,,Síntesis del análisis Ruta Materna,Persona gestante sin tamizar para cáncer de cuello uterino (hasta semana 22),"

1. Canalizaciones entre entornos de vida cotidiana
",,Matriz de análisis de la Ruta Materno Perinatal,19,Planificación familiar y anticoncepción,Entrega o aplicación de método,Garantizar acceso efectivo al método,Cobertura de anticoncepción,100%,82%,18%,Bueno,,,,"Barreras Culturales, Sociales y Lingüísticas",Temor por experiencias previas de violencia obstétrica o discriminación,Determinantes Proximales (Individuales),"Paridad, período intergenésico corto o antecedentes de complicaciones maternas",,,,,
DSS y Ruta Materna Perinatal,,Centro Oriente Guavio,Centro Oriente Guavio,Gachetá,E.S.E. HOSPITAL SAN FRANCISCO DE GACHETA,Gastroenterología,Gastroenterología,,,"Identificación de Determinantes Sociales de la Salud										",,Determinantes intermedios,Redes de apoyo,,,,,,,,,,,,,,,,Síntesis del análisis Ruta Materna,Persona gestante con alto riesgo de evento trombótico sin medidas profilácticas,"

1. Canalizaciones entre entornos de vida cotidiana
",,Matriz de análisis de la Ruta Materno Perinatal,20,Planificación familiar y anticoncepción,Entrega o aplicación de método,Garantizar acceso efectivo al método,Demanda insatisfecha de anticoncepción,100%,81%,19%,Bueno,,,,"Barreras Culturales, Sociales y Lingüísticas",Estigmatización a gestantes adolescentes o vulnerables,Determinantes Proximales (Individuales),"Estado nutricional previo y durante la gestación (anemia, desnutrición, obesidad)",,,,,
DSS y Ruta Materna Perinatal,,Centro Oriente Guavio,Centro Oriente Guavio,Gama,E.S.E. HOSPITAL SAN FRANCISCO DE GACHETA,Gestión de Calidad,Gestión de Calidad,,,"Identificación de Determinantes Sociales de la Salud										",,Determinantes intermedios,Estrés,,,,,,,,,,,,,,,,Síntesis del análisis Ruta Materna,Persona sin control posevento obstétrico,"

1. Canalizaciones entre entornos de vida cotidiana
",,Matriz de análisis de la Ruta Materno Perinatal,21,Planificación familiar y anticoncepción,Entrega o aplicación de método,Garantizar acceso efectivo al método,Seguimiento post entrega del método,100%,80%,20%,Bueno,,,,Barreras Clínicas y de Calidad,Clasificación errónea o tardía del riesgo obstétrico,Determinantes Proximales (Individuales),"Antecedentes ginecoobstétricos, patologías previas y condiciones metabólicas",,,,,
DSS y Ruta Materna Perinatal,,Centro Oriente Guavio,Centro Oriente Guavio,Guasca,E.S.E. HOSPITAL SAN ANTONIO DE GUATAVITA,Ginecología,Ginecología,,,"Identificación de Determinantes Sociales de la Salud										",,Determinantes intermedios,Condiciones de trabajo,,,,,,,,,,,,,,,,Síntesis del análisis Ruta Materna,Recién nacido sin tamizaje auditivo o sin programación de tamizaje por EAPB (hasta 28 días),"

1. Canalizaciones entre entornos de vida cotidiana
",,Matriz de análisis de la Ruta Materno Perinatal,22,Planificación familiar y anticoncepción,Entrega o aplicación de método,Registrar consentimiento y seguimiento,Cobertura de anticoncepción,100%,79%,21%,Bueno,,,,Barreras Clínicas y de Calidad,"Desabastecimiento de medicamentos, vacunas o insumos",Determinantes Proximales (Individuales),"Consumo de sustancias psicoactivas, tabaco, alcohol o automedicación",,,,,
DSS y Ruta Materna Perinatal,,Centro Oriente Guavio,Centro Oriente Guavio,Guatavita,E.S.E. HOSPITAL SAN ANTONIO DE GUATAVITA,Hematología,Hematología,,,"Identificación de Determinantes Sociales de la Salud										",,Determinantes intermedios,Acceso efectivo a servicios,,,,,,,,,,,,,,,,Síntesis del análisis Ruta Materna,Recién nacido sin tamizaje visual (hasta 28 días),"

1. Canalizaciones entre entornos de vida cotidiana
",,Matriz de análisis de la Ruta Materno Perinatal,23,Planificación familiar y anticoncepción,Entrega o aplicación de método,Registrar consentimiento y seguimiento,Demanda insatisfecha de anticoncepción,100%,78%,22%,Bueno,,,,Barreras Clínicas y de Calidad,Insuficiencia o rotación frecuente de personal de salud capacitado,Determinantes Proximales (Individuales),"Adherencia, conocimientos y conductas individuales de autocuidado en salud",,,,,
DSS y Ruta Materna Perinatal,,Centro Oriente Guavio,Centro Oriente Guavio,Junín,E.S.E POLICLINICO DE JUNIN,Hemodiálisis,Hemodiálisis,,,"Identificación de Determinantes Sociales de la Salud										",,Determinantes intermedios,Oportunidad de atención,,,,,,,,,,,,,,,,Síntesis del análisis Ruta Materna,Recién nacido sin tamizaje para cardiopatía congénita (pulsioximetría) hasta 28 días,"

1. Canalizaciones entre entornos de vida cotidiana
",,Matriz de análisis de la Ruta Materno Perinatal,,Planificación familiar y anticoncepción,Entrega o aplicación de método,Registrar consentimiento y seguimiento,Seguimiento post entrega del método,100%,77%,23%,Bueno,,,,Barreras Clínicas y de Calidad,Inadherencia a las guías de práctica clínica de la ruta,Determinantes Proximales (Individuales),"Exposición a violencia de pareja, violencia intrafamiliar o violencia sexual",,,,,
DSS y Ruta Materna Perinatal,,Centro Oriente Guavio,Centro Oriente Guavio,La Calera,E.S.E. HOSPITAL DIVINO SALVADOR DE SOPO,Hemodinamia,Hemodinamia,,,"Identificación de Determinantes Sociales de la Salud										",,Determinantes intermedios,Continuidad del cuidado,,,,,,,,,,,,,,,,Síntesis del análisis Ruta Materna,Recién nacido con desplome nutricional o ganancia inadecuada de peso (hasta 28 días),"

1. Canalizaciones entre entornos de vida cotidiana
",,Matriz de análisis de la Ruta Materno Perinatal,,Planificación familiar y anticoncepción,Seguimiento del método,Valorar intención reproductiva,Cobertura de anticoncepción,100%,76%,24%,Bueno,,,,Barreras Clínicas y de Calidad,Infraestructura y equipamiento médico insuficiente,Determinantes Proximales (Individuales),"Estado de salud mental, estrés crónico, depresión o ansiedad",,,,,
DSS y Ruta Materna Perinatal,,Centro Oriente Guavio,Centro Oriente Guavio,Sopó,E.S.E. HOSPITAL DIVINO SALVADOR DE SOPO,Hospitalización,Hospitalización,,,"Identificación de Determinantes Sociales de la Salud										",,Determinantes intermedios,Otros,,,,,,,,,,,,,,,,Síntesis del análisis Ruta Materna,Recién nacido con sintomatología respiratoria (hasta 28 días),"

1. Canalizaciones entre entornos de vida cotidiana
",,Matriz de análisis de la Ruta Materno Perinatal,,Planificación familiar y anticoncepción,Seguimiento del método,Valorar intención reproductiva,Demanda insatisfecha de anticoncepción,100%,75%,25%,Bueno,,,,Barreras Clínicas y de Calidad,Retrasos en el diagnóstico o en la remisión oportuna,Determinantes Proximales (Individuales),"Planificación, intención y deseabilidad del embarazo",,,,,
DSS y Ruta Materna Perinatal,,Centro Oriente Guavio,Centro Oriente Guavio,Tocancipá,CARE & HEALTH S.A.S,Imágenes Diagnósticas,Imágenes Diagnósticas,,,"Identificación de Determinantes Sociales de la Salud										",,Determinantes proximales,Estilos de vida,,,,,,,,,,,,,,,,Síntesis del análisis Ruta Materna,Gestante sin control prenatal o no adherente a controles.,2. Canalizaciones a EAPB autorizadas para operar en Cundinamarca,,Matriz de análisis de la Ruta Materno Perinatal,,Planificación familiar y anticoncepción,Seguimiento del método,Valorar intención reproductiva,Seguimiento post entrega del método,100%,74%,26%,Bueno,,,,Barreras de Continuidad y Coordinación,Fallas en el sistema de referencia y contrarreferencia,No Identificados / No Clasificados,"Factores idiopáticos, genéticos raros o eventos de causa biológica desconocida",,,,,
DSS y Ruta Materna Perinatal,,Centro Oriente Guavio,Centro Oriente Guavio,Ubalá,E.S.E. HOSPITAL SAN FRANCISCO DE GACHETA,Laboratorio Clínico,Laboratorio Clínico,,,"Identificación de Determinantes Sociales de la Salud										",,Determinantes proximales,Factores individuales,,,,,,,,,,,,,,,,Síntesis del análisis Ruta Materna,Persona gestante o post evento obstétrico con diagnóstico de VIH sin inclusión en el programa,2. Canalizaciones a EAPB autorizadas para operar en Cundinamarca,,Matriz de análisis de la Ruta Materno Perinatal,,Planificación familiar y anticoncepción,Seguimiento del método,Informar opciones y signos de alarma,Cobertura de anticoncepción,100%,73%,27%,Bueno,,,,Barreras de Continuidad y Coordinación,Inexistencia o falta de interoperabilidad de la historia clínica,No Identificados / No Clasificados,"Ausencia de registro, subregistro o falta de información en la historia clínica",,,,,
DSS y Ruta Materna Perinatal,,Medina,Medina,Medina,E.S.E. REGION DE SALUD MEDINA,Medicina Física y Rehabilitación,Medicina Física y Rehabilitación,,,"Identificación de Determinantes Sociales de la Salud										",,Determinantes proximales,Asistencia a controles prenatales,,,,,,,,,,,,,,,,Síntesis del análisis Ruta Materna,Persona gestante con diagnóstico de sífilis sin tratamiento y/o sin seguimiento serológico,2. Canalizaciones a EAPB autorizadas para operar en Cundinamarca,,Matriz de análisis de la Ruta Materno Perinatal,,Planificación familiar y anticoncepción,Seguimiento del método,Informar opciones y signos de alarma,Demanda insatisfecha de anticoncepción,100%,72%,28%,Bueno,,,,Barreras de Continuidad y Coordinación,"Pérdida de seguimiento entre el control prenatal, el parto y el posparto",No Identificados / No Clasificados,"Eventos fortuitos, impredecibles o de causa no documentada en el seguimiento",,,,,
DSS y Ruta Materna Perinatal,,Medina,Medina,Paratebueno,E.S.E. REGION DE SALUD MEDINA,Medicina Interna,Medicina Interna,,,"Identificación de Determinantes Sociales de la Salud										",,Determinantes proximales,Reconocimiento de signos de alarma,,,,,,,,,,,,,,,,Síntesis del análisis Ruta Materna,Gestante en quien se confirmó o se sospechó ETV,2. Canalizaciones a EAPB autorizadas para operar en Cundinamarca,,Matriz de análisis de la Ruta Materno Perinatal,,Planificación familiar y anticoncepción,Seguimiento del método,Informar opciones y signos de alarma,Seguimiento post entrega del método,100%,71%,29%,Bueno,,,,Barreras de Continuidad y Coordinación,Desarticulación entre el cuidado materno y el cuidado neonatal,No Identificados / No Clasificados,Vacíos en la caracterización sociodemográfica de la gestante,,,,,
DSS y Ruta Materna Perinatal,,Medina,Medina,Ubalá,E.S.E. REGION DE SALUD MEDINA,Medicina Nuclear,Medicina Nuclear,,,"Identificación de Determinantes Sociales de la Salud										",,Determinantes proximales,Adherencia a indicaciones,,,,,,,,,,,,,,,,Síntesis del análisis Ruta Materna,Persona gestante sin consulta odontológica,2. Canalizaciones a EAPB autorizadas para operar en Cundinamarca,,Matriz de análisis de la Ruta Materno Perinatal,,Planificación familiar y anticoncepción,Seguimiento del método,Garantizar acceso efectivo al método,Cobertura de anticoncepción,100%,70%,30%,Bueno,,,,Barreras de Continuidad y Coordinación,Falta de integración entre acciones comunitarias y servicios asistenciales,,,,,,,
DSS y Ruta Materna Perinatal,,Noroccidente,Noroccidente,La Peña,E.S.E. HOSPITAL SALAZAR VILLETA,Medicina Preventiva,Medicina Preventiva,,,"Identificación de Determinantes Sociales de la Salud										",,Determinantes proximales,Prácticas de autocuidado,,,,,,,,,,,,,,,,Síntesis del análisis Ruta Materna,Persona gestante con morbilidades crónicas,2. Canalizaciones a EAPB autorizadas para operar en Cundinamarca,,Matriz de análisis de la Ruta Materno Perinatal,,Planificación familiar y anticoncepción,Seguimiento del método,Garantizar acceso efectivo al método,Demanda insatisfecha de anticoncepción,100%,69%,31%,Regular,,,,Barreras de Continuidad y Coordinación,Inexistencia de búsqueda activa de gestantes inasistentes,,,,,,,
DSS y Ruta Materna Perinatal,,Noroccidente,Noroccidente,La Vega,E.S.E. HOSPITAL DE LA VEGA,Medicina Transfusional,Medicina Transfusional,,,"Identificación de Determinantes Sociales de la Salud										",,Determinantes proximales,Búsqueda oportuna de atención,,,,,,,,,,,,,,,,Síntesis del análisis Ruta Materna,Persona gestante o con sospecha de embarazo y deseo de Interrupción Voluntaria del Embarazo,2. Canalizaciones a EAPB autorizadas para operar en Cundinamarca,,Matriz de análisis de la Ruta Materno Perinatal,,Planificación familiar y anticoncepción,Seguimiento del método,Garantizar acceso efectivo al método,Seguimiento post entrega del método,100%,68%,32%,Regular,,,,,,,,,,,,
DSS y Ruta Materna Perinatal,,Noroccidente,Noroccidente,Nimaima,E.S.E. CENTRO DE SALUD SAN JOSE DE NIMAIMA,Nefrología,Nefrología,,,"Identificación de Determinantes Sociales de la Salud										",,Determinantes proximales,Antecedentes clínicos,,,,,,,,,,,,,,,,Síntesis del análisis Ruta Materna,Persona en puerperio o post aborto sin método anticonceptivo,2. Canalizaciones a EAPB autorizadas para operar en Cundinamarca,,Matriz de análisis de la Ruta Materno Perinatal,,Planificación familiar y anticoncepción,Seguimiento del método,Registrar consentimiento y seguimiento,Cobertura de anticoncepción,100%,67%,33%,Regular,,,,,,,,,,,,
DSS y Ruta Materna Perinatal,,Noroccidente,Noroccidente,Nocaima,E.S.E. HOSPITAL DE LA VEGA,Neonatología,Neonatología,,,"Identificación de Determinantes Sociales de la Salud										",,Determinantes proximales,Edad gestacional,,,,,,,,,,,,,,,,Síntesis del análisis Ruta Materna,Neonato sin consulta de control del recién nacido,2. Canalizaciones a EAPB autorizadas para operar en Cundinamarca,,Matriz de análisis de la Ruta Materno Perinatal,,Planificación familiar y anticoncepción,Seguimiento del método,Registrar consentimiento y seguimiento,Demanda insatisfecha de anticoncepción,100%,66%,34%,Regular,,,,,,,,,,,,
DSS y Ruta Materna Perinatal,,Noroccidente,Noroccidente,Quebradanegra,E.S.E. HOSPITAL SALAZAR VILLETA,Neumología,Neumología,,,"Identificación de Determinantes Sociales de la Salud										",,Determinantes proximales,Comorbilidades,,,,,,,,,,,,,,,,Síntesis del análisis Ruta Materna,Menor de un año con antecedentes de bajo peso al nacer sin control (2500 Gr),2. Canalizaciones a EAPB autorizadas para operar en Cundinamarca,,Matriz de análisis de la Ruta Materno Perinatal,,Planificación familiar y anticoncepción,Seguimiento del método,Registrar consentimiento y seguimiento,Seguimiento post entrega del método,100%,65%,35%,Regular,,,,,,,,,,,,
DSS y Ruta Materna Perinatal,,Noroccidente,Noroccidente,San Francisco,E.S.E. CENTRO DE SALUD SAN FRANCISCO DE SALES,Neurocirugía,Neurocirugía,,,"Identificación de Determinantes Sociales de la Salud										",,Determinantes proximales,Estado nutricional,,,,,,,,,,,,,,,,Síntesis del análisis Ruta Materna,Menor de un año con antecedentes de prematuridad (menor de 37 semanas) sin control en programa madre canguro,2. Canalizaciones a EAPB autorizadas para operar en Cundinamarca,,Matriz de análisis de la Ruta Materno Perinatal,,Clasificación y seguimiento del riesgo obstétrico,Clasificación del riesgo obstétrico,Aplicar clasificación de riesgo,Riesgo obstétrico clasificado,100%,64%,36%,Regular,,,,,,,,,,,,
DSS y Ruta Materna Perinatal,,Noroccidente,Noroccidente,Sasaima,E.S.E. HOSPITAL HILARIO LUGO DE SASAIMA,Neurología,Neurología,,,"Identificación de Determinantes Sociales de la Salud										",,Determinantes proximales,Consumo de sustancias,,,,,,,,,,,,,,,,Síntesis del análisis Ruta Materna,Menor de un año con diagnóstico de malformaciones congénitas mayores sin seguimiento,2. Canalizaciones a EAPB autorizadas para operar en Cundinamarca,,Matriz de análisis de la Ruta Materno Perinatal,,Clasificación y seguimiento del riesgo obstétrico,Clasificación del riesgo obstétrico,Aplicar clasificación de riesgo,Gestantes de alto riesgo con seguimiento,100%,63%,37%,Regular,,,,,,,,,,,,
DSS y Ruta Materna Perinatal,,Noroccidente,Noroccidente,Útica,E.S.E. HOSPITAL SALAZAR VILLETA,Nutrición y Dietética,Nutrición y Dietética,,,"Identificación de Determinantes Sociales de la Salud										",,Determinantes proximales,Cuidado del recién nacido,,,,,,,,,,,,,,,,Síntesis del análisis Ruta Materna,Neonato sin seguimiento al resultado de TSH neonatal (hipotiroidismo),2. Canalizaciones a EAPB autorizadas para operar en Cundinamarca,,Matriz de análisis de la Ruta Materno Perinatal,,Clasificación y seguimiento del riesgo obstétrico,Clasificación del riesgo obstétrico,Aplicar clasificación de riesgo,Remisiones efectivas,100%,62%,38%,Regular,,,,,,,,,,,,
DSS y Ruta Materna Perinatal,,Noroccidente,Noroccidente,Vergara,E.S.E. HOSPITAL SANTA BARBARA DE VERGARA,Obstetricia,Obstetricia,,,"Identificación de Determinantes Sociales de la Salud										",,Determinantes proximales,Otros,,,,,,,,,,,,,,,,Síntesis del análisis Ruta Materna,Persona gestante sin esquema de vacunación adecuado para la edad gestacional,2. Canalizaciones a EAPB autorizadas para operar en Cundinamarca,,Matriz de análisis de la Ruta Materno Perinatal,,Clasificación y seguimiento del riesgo obstétrico,Clasificación del riesgo obstétrico,Documentar riesgo y plan,Riesgo obstétrico clasificado,100%,61%,39%,Regular,,,,,,,,,,,,
DSS y Ruta Materna Perinatal,,Noroccidente,Noroccidente,Villeta,E.S.E. HOSPITAL SALAZAR VILLETA,Odontología Hospitalaria,Odontología Hospitalaria,,,"Identificación de Determinantes Sociales de la Salud										",,,,,,,,,,,,,,,,,,,Síntesis del análisis Ruta Materna,Persona gestante con antecedente de signos o síntomas de alarma para seguimiento por la EAPB.,2. Canalizaciones a EAPB autorizadas para operar en Cundinamarca,,Matriz de análisis de la Ruta Materno Perinatal,,Clasificación y seguimiento del riesgo obstétrico,Clasificación del riesgo obstétrico,Documentar riesgo y plan,Gestantes de alto riesgo con seguimiento,100%,60%,40%,Regular,,,,,,,,,,,,
DSS y Ruta Materna Perinatal,,Nororiente,Nororiente,Carmen De Carupa,ESE HOSPITAL HABACUC CALDERON DE CARMEN DE CARUPA,Oftalmología,Oftalmología,,,"Identificación de Determinantes Sociales de la Salud										",,,,,,,,,,,,,,,,,,,Síntesis del análisis Ruta Materna,Persona gestante no valorada por nutricionista o con alteración nutricional,2. Canalizaciones a EAPB autorizadas para operar en Cundinamarca,,Matriz de análisis de la Ruta Materno Perinatal,,Clasificación y seguimiento del riesgo obstétrico,Clasificación del riesgo obstétrico,Documentar riesgo y plan,Remisiones efectivas,100%,59%,41%,Regular,,,,,,,,,,,,
DSS y Ruta Materna Perinatal,,Nororiente,Nororiente,Cucunubá,E.S.E. CENTRO DE SALUD CUCUNUBA,Oncología Clínica,Oncología Clínica,,,"Identificación de Determinantes Sociales de la Salud										",,,,,,,,,,,,,,,,,,,Síntesis del análisis Ruta Materna,Persona gestante o en post parto que identifica una situación emocional que en ese momento afecta su vida,2. Canalizaciones a EAPB autorizadas para operar en Cundinamarca,,Matriz de análisis de la Ruta Materno Perinatal,,Clasificación y seguimiento del riesgo obstétrico,Clasificación del riesgo obstétrico,Activar ruta de referencia,Riesgo obstétrico clasificado,100%,58%,42%,Regular,,,,,,,,,,,,
DSS y Ruta Materna Perinatal,,Nororiente,Nororiente,Fúquene,E.S.E. HOSPITAL EL SALVADOR DE UBATE,Ortopedia y Traumatología,Ortopedia y Traumatología,,,"Identificación de Determinantes Sociales de la Salud										",,,,,,,,,,,,,,,,,,,Síntesis del análisis Ruta Materna,Mujer con intención reproductiva sin consulta preconcepcional,2. Canalizaciones a EAPB autorizadas para operar en Cundinamarca,,Matriz de análisis de la Ruta Materno Perinatal,,Clasificación y seguimiento del riesgo obstétrico,Clasificación del riesgo obstétrico,Activar ruta de referencia,Gestantes de alto riesgo con seguimiento,100%,57%,43%,Regular,,,,,,,,,,,,
DSS y Ruta Materna Perinatal,,Nororiente,Nororiente,Guachetá,ESE HOSPITAL SAN JOSE DE GUACHETA,Otorrinolaringología,Otorrinolaringología,,,"Identificación de Determinantes Sociales de la Salud										",,,,,,,,,,,,,,,,,,,Síntesis del análisis Ruta Materna,Persona gestante sin tamizar para cáncer de cuello uterino (hasta semana 22),2. Canalizaciones a EAPB autorizadas para operar en Cundinamarca,,Matriz de análisis de la Ruta Materno Perinatal,,Clasificación y seguimiento del riesgo obstétrico,Clasificación del riesgo obstétrico,Activar ruta de referencia,Remisiones efectivas,100%,56%,44%,Regular,,,,,,,,,,,,
DSS y Ruta Materna Perinatal,,Nororiente,Nororiente,Lenguazaque,E.S.E. HOSPITAL EL SALVADOR DE UBATE,Patología,Patología,,,"Identificación de Determinantes Sociales de la Salud										",,,,,,,,,,,,,,,,,,,Síntesis del análisis Ruta Materna,Persona gestante con alto riesgo de evento trombótico sin medidas profilácticas,2. Canalizaciones a EAPB autorizadas para operar en Cundinamarca,,Matriz de análisis de la Ruta Materno Perinatal,,Clasificación y seguimiento del riesgo obstétrico,Clasificación del riesgo obstétrico,Hacer seguimiento a citas y resultados,Riesgo obstétrico clasificado,100%,55%,45%,Regular,,,,,,,,,,,,
DSS y Ruta Materna Perinatal,,Nororiente,Nororiente,Simijaca,E.S.E. HOSPITAL EL SALVADOR DE UBATE,Pediatría,Pediatría,,,,,,,,,,,,,,,,,,,,,,Síntesis del análisis Ruta Materna,Persona sin control posevento obstétrico,2. Canalizaciones a EAPB autorizadas para operar en Cundinamarca,,Matriz de análisis de la Ruta Materno Perinatal,,Clasificación y seguimiento del riesgo obstétrico,Clasificación del riesgo obstétrico,Hacer seguimiento a citas y resultados,Gestantes de alto riesgo con seguimiento,100%,54%,46%,Regular,,,,,,,,,,,,
DSS y Ruta Materna Perinatal,,Nororiente,Nororiente,Susa,E.S.E. HOSPITAL EL SALVADOR DE UBATE,Psicología,Psicología,,,,,,,,,,,,,,,,,,,,,,Síntesis del análisis Ruta Materna,Recién nacido sin tamizaje auditivo o sin programación de tamizaje por EAPB (hasta 28 días),2. Canalizaciones a EAPB autorizadas para operar en Cundinamarca,,Matriz de análisis de la Ruta Materno Perinatal,,Clasificación y seguimiento del riesgo obstétrico,Clasificación del riesgo obstétrico,Hacer seguimiento a citas y resultados,Remisiones efectivas,100%,53%,47%,Regular,,,,,,,,,,,,
DSS y Ruta Materna Perinatal,,Nororiente,Nororiente,Sutatausa,E.S.E. HOSPITAL EL SALVADOR DE UBATE,Psiquiatría,Psiquiatría,,,,,,,,,,,,,,,,,,,,,,Síntesis del análisis Ruta Materna,Recién nacido sin tamizaje visual (hasta 28 días),2. Canalizaciones a EAPB autorizadas para operar en Cundinamarca,,Matriz de análisis de la Ruta Materno Perinatal,,Clasificación y seguimiento del riesgo obstétrico,Seguimiento a gestante de alto riesgo,Aplicar clasificación de riesgo,Riesgo obstétrico clasificado,100%,52%,48%,Regular,,,,,,,,,,,,
DSS y Ruta Materna Perinatal,,Nororiente,Nororiente,Tausa,E.S.E. E.S.E. CENTRO DE SALUD DE TAUSA,Quimioterapia,Quimioterapia,,,,,,,,,,,,,,,,,,,,,,Síntesis del análisis Ruta Materna,Recién nacido sin tamizaje para cardiopatía congénita (pulsioximetría) hasta 28 días,2. Canalizaciones a EAPB autorizadas para operar en Cundinamarca,,Matriz de análisis de la Ruta Materno Perinatal,,Clasificación y seguimiento del riesgo obstétrico,Seguimiento a gestante de alto riesgo,Aplicar clasificación de riesgo,Gestantes de alto riesgo con seguimiento,100%,51%,49%,Regular,,,,,,,,,,,,
DSS y Ruta Materna Perinatal,,Nororiente,Nororiente,Villa De San Diego De Ubate,E.S.E. HOSPITAL EL SALVADOR DE UBATE,Quirófanos,Quirófanos,,,,,,,,,,,,,,,,,,,,,,Síntesis del análisis Ruta Materna,Recién nacido con desplome nutricional o ganancia inadecuada de peso (hasta 28 días),2. Canalizaciones a EAPB autorizadas para operar en Cundinamarca,,Matriz de análisis de la Ruta Materno Perinatal,,Clasificación y seguimiento del riesgo obstétrico,Seguimiento a gestante de alto riesgo,Aplicar clasificación de riesgo,Remisiones efectivas,100%,50%,50%,Regular,,,,,,,,,,,,
DSS y Ruta Materna Perinatal,,Norte,Norte,El Peñón,E.S.E. CAYETANO MARIA DE ROJAS,Radiología,Radiología,,,,,,,,,,,,,,,,,,,,,,Síntesis del análisis Ruta Materna,Recién nacido con sintomatología respiratoria (hasta 28 días),2. Canalizaciones a EAPB autorizadas para operar en Cundinamarca,,Matriz de análisis de la Ruta Materno Perinatal,,Clasificación y seguimiento del riesgo obstétrico,Seguimiento a gestante de alto riesgo,Documentar riesgo y plan,Riesgo obstétrico clasificado,100%,49%,51%,Regular,,,,,,,,,,,,
DSS y Ruta Materna Perinatal,,Norte,Norte,La Palma,E.S.E. HOSPITAL SAN JOSE,Radioterapia,Radioterapia,,,,,,,,,,,,,,,,,,,,,,Síntesis del análisis Ruta Materna,Gestante sin control prenatal o no adherente a controles.,"3, Canalización hacia la oferta Departamental intersectorial",,Matriz de análisis de la Ruta Materno Perinatal,,Clasificación y seguimiento del riesgo obstétrico,Seguimiento a gestante de alto riesgo,Documentar riesgo y plan,Gestantes de alto riesgo con seguimiento,100%,48%,52%,Regular,,,,,,,,,,,,
DSS y Ruta Materna Perinatal,,Norte,Norte,Pacho,E.S.E. HOSPITAL SAN RAFAEL DE PACHO,Recuperación Postanestésica,Recuperación Postanestésica,,,,,,,,,,,,,,,,,,,,,,Síntesis del análisis Ruta Materna,Persona gestante o post evento obstétrico con diagnóstico de VIH sin inclusión en el programa,"3, Canalización hacia la oferta Departamental intersectorial",,Matriz de análisis de la Ruta Materno Perinatal,,Clasificación y seguimiento del riesgo obstétrico,Seguimiento a gestante de alto riesgo,Documentar riesgo y plan,Remisiones efectivas,100%,47%,53%,Regular,,,,,,,,,,,,
DSS y Ruta Materna Perinatal,,Norte,Norte,Paime,E.S.E. HOSPITAL SAN RAFAEL DE PACHO,Rehabilitación Integral,Rehabilitación Integral,,,,,,,,,,,,,,,,,,,,,,Síntesis del análisis Ruta Materna,Persona gestante con diagnóstico de sífilis sin tratamiento y/o sin seguimiento serológico,"3, Canalización hacia la oferta Departamental intersectorial",,Matriz de análisis de la Ruta Materno Perinatal,,Clasificación y seguimiento del riesgo obstétrico,Seguimiento a gestante de alto riesgo,Activar ruta de referencia,Riesgo obstétrico clasificado,100%,46%,54%,Regular,,,,,,,,,,,,
DSS y Ruta Materna Perinatal,,Norte,Norte,Supatá,E.S.E. HOSPITAL SAN RAFAEL DE PACHO,Resonancia Magnética (RM),Resonancia Magnética (RM),,,,,,,,,,,,,,,,,,,,,,Síntesis del análisis Ruta Materna,Gestante en quien se confirmó o se sospechó ETV,"3, Canalización hacia la oferta Departamental intersectorial",,Matriz de análisis de la Ruta Materno Perinatal,,Clasificación y seguimiento del riesgo obstétrico,Seguimiento a gestante de alto riesgo,Activar ruta de referencia,Gestantes de alto riesgo con seguimiento,100%,45%,55%,Regular,,,,,,,,,,,,
DSS y Ruta Materna Perinatal,,Norte,Norte,Topaipí,E.S.E. HOSPITAL SAN RAFAEL DE PACHO,Reumatología,Reumatología,,,,,,,,,,,,,,,,,,,,,,Síntesis del análisis Ruta Materna,Persona gestante sin consulta odontológica,"3, Canalización hacia la oferta Departamental intersectorial",,Matriz de análisis de la Ruta Materno Perinatal,,Clasificación y seguimiento del riesgo obstétrico,Seguimiento a gestante de alto riesgo,Activar ruta de referencia,Remisiones efectivas,100%,44%,56%,Regular,,,,,,,,,,,,
DSS y Ruta Materna Perinatal,,Norte,Norte,Villagómez,E.S.E. HOSPITAL SAN RAFAEL DE PACHO,Sala de Observación,Sala de Observación,,,,,,,,,,,,,,,,,,,,,,Síntesis del análisis Ruta Materna,Persona gestante con morbilidades crónicas,"3, Canalización hacia la oferta Departamental intersectorial",,Matriz de análisis de la Ruta Materno Perinatal,,Clasificación y seguimiento del riesgo obstétrico,Seguimiento a gestante de alto riesgo,Hacer seguimiento a citas y resultados,Riesgo obstétrico clasificado,100%,43%,57%,Regular,,,,,,,,,,,,
DSS y Ruta Materna Perinatal,,Norte,Norte,Yacopí,E.S.E. HOSPITAL SAN JOSE,Sala de Partos,Sala de Partos,,,,,,,,,,,,,,,,,,,,,,Síntesis del análisis Ruta Materna,Persona gestante o con sospecha de embarazo y deseo de Interrupción Voluntaria del Embarazo,"3, Canalización hacia la oferta Departamental intersectorial",,Matriz de análisis de la Ruta Materno Perinatal,,Clasificación y seguimiento del riesgo obstétrico,Seguimiento a gestante de alto riesgo,Hacer seguimiento a citas y resultados,Gestantes de alto riesgo con seguimiento,100%,42%,58%,Regular,,,,,,,,,,,,
DSS y Ruta Materna Perinatal,,Sabana Centro,Sabana Centro,Cajicá,ESE HOSPITAL PROFESOR JORGE CAVELIER -I- NIVEL DE ATENCION CAJICA,Seguridad del Paciente,Seguridad del Paciente,,,,,,,,,,,,,,,,,,,,,,Síntesis del análisis Ruta Materna,Persona en puerperio o post aborto sin método anticonceptivo,"3, Canalización hacia la oferta Departamental intersectorial",,Matriz de análisis de la Ruta Materno Perinatal,,Clasificación y seguimiento del riesgo obstétrico,Seguimiento a gestante de alto riesgo,Hacer seguimiento a citas y resultados,Remisiones efectivas,100%,41%,59%,Regular,,,,,,,,,,,,
DSS y Ruta Materna Perinatal,,Sabana Centro,Sabana Centro,Chía,E.S.E. HOSPITAL SAN ANTONIO CHIA,Telemedicina,Telemedicina,,,,,,,,,,,,,,,,,,,,,,Síntesis del análisis Ruta Materna,Neonato sin consulta de control del recién nacido,"3, Canalización hacia la oferta Departamental intersectorial",,Matriz de análisis de la Ruta Materno Perinatal,,Educación en signos de alarma,Educación en signos de alarma,Explicar signos de alarma maternos y neonatales,Gestantes educadas en signos de alarma,100%,40%,60%,Regular,,,,,,,,,,,,
DSS y Ruta Materna Perinatal,,Sabana Centro,Sabana Centro,Cogua,ESE HOSPITAL UNIVERSITARIO DE LA SAMARITANA,Terapia Ocupacional,Terapia Ocupacional,,,,,,,,,,,,,,,,,,,,,,Síntesis del análisis Ruta Materna,Menor de un año con antecedentes de bajo peso al nacer sin control (2500 Gr),"3, Canalización hacia la oferta Departamental intersectorial",,Matriz de análisis de la Ruta Materno Perinatal,,Educación en signos de alarma,Educación en signos de alarma,Explicar signos de alarma maternos y neonatales,Comprensión verificada,100%,39%,61%,Malo,,,,,,,,,,,,
DSS y Ruta Materna Perinatal,,Sabana Centro,Sabana Centro,Cota,E.S.E. HOSPITAL SAN ANTONIO CHIA,Terapia Respiratoria,Terapia Respiratoria,,,,,,,,,,,,,,,,,,,,,,Síntesis del análisis Ruta Materna,Menor de un año con antecedentes de prematuridad (menor de 37 semanas) sin control en programa madre canguro,"3, Canalización hacia la oferta Departamental intersectorial",,Matriz de análisis de la Ruta Materno Perinatal,,Educación en signos de alarma,Educación en signos de alarma,Explicar signos de alarma maternos y neonatales,Consulta oportuna ante signos de alarma,100%,38%,62%,Malo,,,,,,,,,,,,
DSS y Ruta Materna Perinatal,,Sabana Centro,Sabana Centro,Gachancipá,ESE HOSPITAL SAN ANTONIO,Tomografía Computarizada (TAC),Tomografía Computarizada (TAC),,,,,,,,,,,,,,,,,,,,,,Síntesis del análisis Ruta Materna,Menor de un año con diagnóstico de malformaciones congénitas mayores sin seguimiento,"3, Canalización hacia la oferta Departamental intersectorial",,Matriz de análisis de la Ruta Materno Perinatal,,Educación en signos de alarma,Educación en signos de alarma,Entregar orientación escrita o verbal,Gestantes educadas en signos de alarma,100%,37%,63%,Malo,,,,,,,,,,,,
DSS y Ruta Materna Perinatal,,Sabana Centro,Sabana Centro,Nemocón,ESE HOSPITAL SAN VICENTE DE PAUL DE NEMOCON,Unidad Coronaria,Unidad Coronaria,,,,,,,,,,,,,,,,,,,,,,Síntesis del análisis Ruta Materna,Neonato sin seguimiento al resultado de TSH neonatal (hipotiroidismo),"3, Canalización hacia la oferta Departamental intersectorial",,Matriz de análisis de la Ruta Materno Perinatal,,Educación en signos de alarma,Educación en signos de alarma,Entregar orientación escrita o verbal,Comprensión verificada,100%,36%,64%,Malo,,,,,,,,,,,,
DSS y Ruta Materna Perinatal,,Sabana Centro,Sabana Centro,San Cayetano,ESE HOSPITAL UNIVERSITARIO DE LA SAMARITANA,Unidad de Cuidados Intensivos (UCI) Adultos,Unidad de Cuidados Intensivos (UCI) Adultos,,,,,,,,,,,,,,,,,,,,,,Síntesis del análisis Ruta Materna,Persona gestante sin esquema de vacunación adecuado para la edad gestacional,"3, Canalización hacia la oferta Departamental intersectorial",,Matriz de análisis de la Ruta Materno Perinatal,,Educación en signos de alarma,Educación en signos de alarma,Entregar orientación escrita o verbal,Consulta oportuna ante signos de alarma,100%,35%,65%,Malo,,,,,,,,,,,,
DSS y Ruta Materna Perinatal,,Sabana Centro,Sabana Centro,Sesquilé,ESE HOSPITAL SAN ANTONIO,Unidad de Cuidados Intensivos Neonatal,Unidad de Cuidados Intensivos Neonatal,,,,,,,,,,,,,,,,,,,,,,Síntesis del análisis Ruta Materna,Persona gestante con antecedente de signos o síntomas de alarma para seguimiento por la EAPB.,"3, Canalización hacia la oferta Departamental intersectorial",,Matriz de análisis de la Ruta Materno Perinatal,,Educación en signos de alarma,Educación en signos de alarma,Verificar comprensión familiar,Gestantes educadas en signos de alarma,100%,34%,66%,Malo,,,,,,,,,,,,
DSS y Ruta Materna Perinatal,,Sabana Centro,Sabana Centro,Tabio,ESE HOSPITAL NUESTRA SEÑORA DEL CARMEN DE TABIO,Unidad de Cuidados Intensivos Pediátrica,Unidad de Cuidados Intensivos Pediátrica,,,,,,,,,,,,,,,,,,,,,,Síntesis del análisis Ruta Materna,Persona gestante no valorada por nutricionista o con alteración nutricional,"3, Canalización hacia la oferta Departamental intersectorial",,Matriz de análisis de la Ruta Materno Perinatal,,Educación en signos de alarma,Educación en signos de alarma,Verificar comprensión familiar,Comprensión verificada,100%,33%,67%,Malo,,,,,,,,,,,,
DSS y Ruta Materna Perinatal,,Sabana Centro,Sabana Centro,Tenjo,E.S.E. HOSPITAL SANTA ROSA DE TENJO,Unidad de Cuidados Intermedios,Unidad de Cuidados Intermedios,,,,,,,,,,,,,,,,,,,,,,Síntesis del análisis Ruta Materna,Persona gestante o en post parto que identifica una situación emocional que en ese momento afecta su vida,"3, Canalización hacia la oferta Departamental intersectorial",,Matriz de análisis de la Ruta Materno Perinatal,,Educación en signos de alarma,Educación en signos de alarma,Verificar comprensión familiar,Consulta oportuna ante signos de alarma,100%,32%,68%,Malo,,,,,,,,,,,,
DSS y Ruta Materna Perinatal,,Sabana Centro,Sabana Centro,Zipaquirá,ESE HOSPITAL UNIVERSITARIO DE LA SAMARITANA,Unidad de Quemados,Unidad de Quemados,,,,,,,,,,,,,,,,,,,,,,Síntesis del análisis Ruta Materna,Mujer con intención reproductiva sin consulta preconcepcional,"3, Canalización hacia la oferta Departamental intersectorial",,Matriz de análisis de la Ruta Materno Perinatal,,Educación en signos de alarma,Educación en signos de alarma,Definir punto de atención,Gestantes educadas en signos de alarma,100%,31%,69%,Malo,,,,,,,,,,,,
DSS y Ruta Materna Perinatal,,Sabana Centro Occidente,Sabana Centro Occidente,Albán,E.S.E HOSPITAL SAN RAFAEL DE FACATATIVÁ,Unidad de Trasplantes,Unidad de Trasplantes,,,,,,,,,,,,,,,,,,,,,,Síntesis del análisis Ruta Materna,Persona gestante sin tamizar para cáncer de cuello uterino (hasta semana 22),"3, Canalización hacia la oferta Departamental intersectorial",,Matriz de análisis de la Ruta Materno Perinatal,,Educación en signos de alarma,Educación en signos de alarma,Definir punto de atención,Comprensión verificada,100%,30%,70%,Malo,,,,,,,,,,,,
,,,,,,,,,,,,,,,,,,,,,,,,,,,,,Síntesis del análisis Ruta Materna,Persona gestante con alto riesgo de evento trombótico sin medidas profilácticas,"3, Canalización hacia la oferta Departamental intersectorial",,Matriz de análisis de la Ruta Materno Perinatal,,Educación en signos de alarma,Educación en signos de alarma,Definir punto de atención,Consulta oportuna ante signos de alarma,100%,29%,71%,Malo,,,,,,,,,,,,
,,,,,,,,,,,,,,,,,,,,,,,,,,,,,Síntesis del análisis Ruta Materna,Persona sin control posevento obstétrico,"3, Canalización hacia la oferta Departamental intersectorial",,Matriz de análisis de la Ruta Materno Perinatal,,Salud mental y tamizaje de violencias,Tamizaje de salud mental,Aplicar tamizaje psicosocial,Tamizaje de salud mental realizado,100%,28%,72%,Malo,,,,,,,,,,,,
,,,,,,,,,,,,,,,,,,,,,,,,,,,,,Síntesis del análisis Ruta Materna,Recién nacido sin tamizaje auditivo o sin programación de tamizaje por EAPB (hasta 28 días),"3, Canalización hacia la oferta Departamental intersectorial",,Matriz de análisis de la Ruta Materno Perinatal,,Salud mental y tamizaje de violencias,Tamizaje de violencias,Aplicar tamizaje psicosocial,Tamizaje de violencias realizado,100%,27%,73%,Malo,,,,,,,,,,,,
,,,,,,,,,,,,,,,,,,,,,,,,,,,,,Síntesis del análisis Ruta Materna,Recién nacido sin tamizaje visual (hasta 28 días),"3, Canalización hacia la oferta Departamental intersectorial",,Matriz de análisis de la Ruta Materno Perinatal,,Salud mental y tamizaje de violencias,Activación de ruta de protección,Aplicar tamizaje psicosocial,Casos con ruta activada,100%,26%,74%,Malo,,,,,,,,,,,,
,,,,,,,,,,,,,,,,,,,,,,,,,,,,,Síntesis del análisis Ruta Materna,Recién nacido sin tamizaje para cardiopatía congénita (pulsioximetría) hasta 28 días,"3, Canalización hacia la oferta Departamental intersectorial",,Matriz de análisis de la Ruta Materno Perinatal,,Salud mental y tamizaje de violencias,Activación de ruta de protección,Indagar violencia basada en género,Tamizaje de salud mental realizado,100%,25%,75%,Malo,,,,,,,,,,,,
,,,,,,,,,,,,,,,,,,,,,,,,,,,,,Síntesis del análisis Ruta Materna,Recién nacido con desplome nutricional o ganancia inadecuada de peso (hasta 28 días),"3, Canalización hacia la oferta Departamental intersectorial",,Matriz de análisis de la Ruta Materno Perinatal,,Salud mental y tamizaje de violencias,Activación de ruta de protección,Indagar violencia basada en género,Tamizaje de violencias realizado,100%,24%,76%,Malo,,,,,,,,,,,,
,,,,,,,,,,,,,,,,,,,,,,,,,,,,,Síntesis del análisis Ruta Materna,Recién nacido con sintomatología respiratoria (hasta 28 días),"3, Canalización hacia la oferta Departamental intersectorial",,Matriz de análisis de la Ruta Materno Perinatal,,Salud mental y tamizaje de violencias,Activación de ruta de protección,Indagar violencia basada en género,Casos con ruta activada,100%,23%,77%,Malo,,,,,,,,,,,,
,,,,,,,,,,,,,,,,,,,,,,,,,,,,,Síntesis del análisis Ruta Materna,Gestante sin control prenatal o no adherente a controles.,"4, Canalización de casos sin aseguramiento / oficina SISS",,Matriz de análisis de la Ruta Materno Perinatal,,Salud mental y tamizaje de violencias,Activación de ruta de protección,Registrar hallazgos con confidencialidad,Tamizaje de salud mental realizado,100%,22%,78%,Malo,,,,,,,,,,,,
,,,,,,,,,,,,,,,,,,,,,,,,,,,,,Síntesis del análisis Ruta Materna,Persona gestante o post evento obstétrico con diagnóstico de VIH sin inclusión en el programa,"4, Canalización de casos sin aseguramiento / oficina SISS",,Matriz de análisis de la Ruta Materno Perinatal,,Salud mental y tamizaje de violencias,Activación de ruta de protección,Registrar hallazgos con confidencialidad,Tamizaje de violencias realizado,100%,21%,79%,Malo,,,,,,,,,,,,
,,,,,,,,,,,,,,,,,,,,,,,,,,,,,Síntesis del análisis Ruta Materna,Persona gestante con diagnóstico de sífilis sin tratamiento y/o sin seguimiento serológico,"4, Canalización de casos sin aseguramiento / oficina SISS",,Matriz de análisis de la Ruta Materno Perinatal,,Salud mental y tamizaje de violencias,Activación de ruta de protección,Registrar hallazgos con confidencialidad,Casos con ruta activada,100%,20%,80%,Malo,,,,,,,,,,,,
,,,,,,,,,,,,,,,,,,,,,,,,,,,,,Síntesis del análisis Ruta Materna,Gestante en quien se confirmó o se sospechó ETV,"4, Canalización de casos sin aseguramiento / oficina SISS",,Matriz de análisis de la Ruta Materno Perinatal,,Salud mental y tamizaje de violencias,Activación de ruta de protección,Remitir a apoyo psicosocial/protección,Tamizaje de salud mental realizado,100%,19%,81%,Malo,,,,,,,,,,,,
,,,,,,,,,,,,,,,,,,,,,,,,,,,,,Síntesis del análisis Ruta Materna,Persona gestante sin consulta odontológica,"4, Canalización de casos sin aseguramiento / oficina SISS",,Matriz de análisis de la Ruta Materno Perinatal,,Salud mental y tamizaje de violencias,Activación de ruta de protección,Remitir a apoyo psicosocial/protección,Tamizaje de violencias realizado,100%,18%,82%,Malo,,,,,,,,,,,,
,,,,,,,,,,,,,,,,,,,,,,,,,,,,,Síntesis del análisis Ruta Materna,Persona gestante con morbilidades crónicas,"4, Canalización de casos sin aseguramiento / oficina SISS",,Matriz de análisis de la Ruta Materno Perinatal,,Salud mental y tamizaje de violencias,Activación de ruta de protección,Remitir a apoyo psicosocial/protección,Casos con ruta activada,100%,17%,83%,Malo,,,,,,,,,,,,
,,,,,,,,,,,,,,,,,,,,,,,,,,,,,Síntesis del análisis Ruta Materna,Persona gestante o con sospecha de embarazo y deseo de Interrupción Voluntaria del Embarazo,"4, Canalización de casos sin aseguramiento / oficina SISS",,Matriz de análisis de la Ruta Materno Perinatal,,Salud mental y tamizaje de violencias,Tamizaje de salud mental,Aplicar tamizaje psicosocial,Tamizaje de salud mental realizado,100%,16%,84%,Malo,,,,,,,,,,,,
,,,,,,,,,,,,,,,,,,,,,,,,,,,,,Síntesis del análisis Ruta Materna,Persona en puerperio o post aborto sin método anticonceptivo,"4, Canalización de casos sin aseguramiento / oficina SISS",,Matriz de análisis de la Ruta Materno Perinatal,,Salud mental y tamizaje de violencias,Tamizaje de salud mental,Aplicar tamizaje psicosocial,Tamizaje de violencias realizado,100%,15%,85%,Malo,,,,,,,,,,,,
,,,,,,,,,,,,,,,,,,,,,,,,,,,,,Síntesis del análisis Ruta Materna,Neonato sin consulta de control del recién nacido,"4, Canalización de casos sin aseguramiento / oficina SISS",,Matriz de análisis de la Ruta Materno Perinatal,,Salud mental y tamizaje de violencias,Tamizaje de salud mental,Aplicar tamizaje psicosocial,Casos con ruta activada,100%,14%,86%,Malo,,,,,,,,,,,,
,,,,,,,,,,,,,,,,,,,,,,,,,,,,,Síntesis del análisis Ruta Materna,Menor de un año con antecedentes de bajo peso al nacer sin control (2500 Gr),"4, Canalización de casos sin aseguramiento / oficina SISS",,Matriz de análisis de la Ruta Materno Perinatal,,Salud mental y tamizaje de violencias,Tamizaje de salud mental,Indagar violencia basada en género,Tamizaje de salud mental realizado,100%,13%,87%,Malo,,,,,,,,,,,,
,,,,,,,,,,,,,,,,,,,,,,,,,,,,,Síntesis del análisis Ruta Materna,Menor de un año con antecedentes de prematuridad (menor de 37 semanas) sin control en programa madre canguro,"4, Canalización de casos sin aseguramiento / oficina SISS",,Matriz de análisis de la Ruta Materno Perinatal,,Salud mental y tamizaje de violencias,Tamizaje de violencias,Indagar violencia basada en género,Tamizaje de violencias realizado,100%,12%,88%,Malo,,,,,,,,,,,,
,,,,,,,,,,,,,,,,,,,,,,,,,,,,,Síntesis del análisis Ruta Materna,Menor de un año con diagnóstico de malformaciones congénitas mayores sin seguimiento,"4, Canalización de casos sin aseguramiento / oficina SISS",,Matriz de análisis de la Ruta Materno Perinatal,,Salud mental y tamizaje de violencias,Tamizaje de violencias,Indagar violencia basada en género,Casos con ruta activada,100%,11%,89%,Malo,,,,,,,,,,,,
,,,,,,,,,,,,,,,,,,,,,,,,,,,,,Síntesis del análisis Ruta Materna,Neonato sin seguimiento al resultado de TSH neonatal (hipotiroidismo),"4, Canalización de casos sin aseguramiento / oficina SISS",,Matriz de análisis de la Ruta Materno Perinatal,,Salud mental y tamizaje de violencias,Tamizaje de violencias,Registrar hallazgos con confidencialidad,Tamizaje de salud mental realizado,100%,10%,90%,Malo,,,,,,,,,,,,
,,,,,,,,,,,,,,,,,,,,,,,,,,,,,Síntesis del análisis Ruta Materna,Persona gestante sin esquema de vacunación adecuado para la edad gestacional,"4, Canalización de casos sin aseguramiento / oficina SISS",,Matriz de análisis de la Ruta Materno Perinatal,,Salud mental y tamizaje de violencias,Tamizaje de violencias,Registrar hallazgos con confidencialidad,Tamizaje de violencias realizado,100%,9%,91%,Malo,,,,,,,,,,,,
,,,,,,,,,,,,,,,,,,,,,,,,,,,,,Síntesis del análisis Ruta Materna,Persona gestante con antecedente de signos o síntomas de alarma para seguimiento por la EAPB.,"4, Canalización de casos sin aseguramiento / oficina SISS",,Matriz de análisis de la Ruta Materno Perinatal,,Salud mental y tamizaje de violencias,Activación de ruta de protección,Registrar hallazgos con confidencialidad,Casos con ruta activada,100%,8%,92%,Malo,,,,,,,,,,,,
,,,,,,,,,,,,,,,,,,,,,,,,,,,,,Síntesis del análisis Ruta Materna,Persona gestante no valorada por nutricionista o con alteración nutricional,"4, Canalización de casos sin aseguramiento / oficina SISS",,Matriz de análisis de la Ruta Materno Perinatal,,Salud mental y tamizaje de violencias,Activación de ruta de protección,Remitir a apoyo psicosocial/protección,Tamizaje de salud mental realizado,100%,7%,93%,Malo,,,,,,,,,,,,
,,,,,,,,,,,,,,,,,,,,,,,,,,,,,Síntesis del análisis Ruta Materna,Persona gestante o en post parto que identifica una situación emocional que en ese momento afecta su vida,"4, Canalización de casos sin aseguramiento / oficina SISS",,Matriz de análisis de la Ruta Materno Perinatal,,Salud mental y tamizaje de violencias,Activación de ruta de protección,Remitir a apoyo psicosocial/protección,Tamizaje de violencias realizado,100%,6%,94%,Malo,,,,,,,,,,,,
,,,,,,,,,,,,,,,,,,,,,,,,,,,,,Síntesis del análisis Ruta Materna,Mujer con intención reproductiva sin consulta preconcepcional,"4, Canalización de casos sin aseguramiento / oficina SISS",,Matriz de análisis de la Ruta Materno Perinatal,,Salud mental y tamizaje de violencias,Activación de ruta de protección,Remitir a apoyo psicosocial/protección,Casos con ruta activada,100%,5%,95%,Malo,,,,,,,,,,,,
,,,,,,,,,,,,,,,,,,,,,,,,,,,,,Síntesis del análisis Ruta Materna,Persona gestante sin tamizar para cáncer de cuello uterino (hasta semana 22),"4, Canalización de casos sin aseguramiento / oficina SISS",,Matriz de análisis de la Ruta Materno Perinatal,,Salud mental y tamizaje de violencias,Activación de ruta de protección,Aplicar tamizaje psicosocial,Tamizaje de salud mental realizado,100%,4%,96%,Malo,,,,,,,,,,,,
,,,,,,,,,,,,,,,,,,,,,,,,,,,,,Síntesis del análisis Ruta Materna,Persona gestante con alto riesgo de evento trombótico sin medidas profilácticas,"4, Canalización de casos sin aseguramiento / oficina SISS",,Matriz de análisis de la Ruta Materno Perinatal,,Salud mental y tamizaje de violencias,Activación de ruta de protección,Aplicar tamizaje psicosocial,Tamizaje de violencias realizado,100%,3%,97%,Malo,,,,,,,,,,,,
,,,,,,,,,,,,,,,,,,,,,,,,,,,,,Síntesis del análisis Ruta Materna,Persona sin control posevento obstétrico,"4, Canalización de casos sin aseguramiento / oficina SISS",,Matriz de análisis de la Ruta Materno Perinatal,,Salud mental y tamizaje de violencias,Activación de ruta de protección,Aplicar tamizaje psicosocial,Casos con ruta activada,100%,2%,98%,Malo,,,,,,,,,,,,
,,,,,,,,,,,,,,,,,,,,,,,,,,,,,Síntesis del análisis Ruta Materna,Recién nacido sin tamizaje auditivo o sin programación de tamizaje por EAPB (hasta 28 días),"4, Canalización de casos sin aseguramiento / oficina SISS",,Matriz de análisis de la Ruta Materno Perinatal,,Salud mental y tamizaje de violencias,Activación de ruta de protección,Indagar violencia basada en género,Tamizaje de salud mental realizado,100%,1%,99%,Malo,,,,,,,,,,,,
,,,,,,,,,,,,,,,,,,,,,,,,,,,,,Síntesis del análisis Ruta Materna,Recién nacido sin tamizaje visual (hasta 28 días),"4, Canalización de casos sin aseguramiento / oficina SISS",,Matriz de análisis de la Ruta Materno Perinatal,,Salud mental y tamizaje de violencias,Activación de ruta de protección,Indagar violencia basada en género,Tamizaje de violencias realizado,100%,0%,100%,Malo,,,,,,,,,,,,
,,,,,,,,,,,,,,,,,,,,,,,,,,,,,Síntesis del análisis Ruta Materna,Recién nacido sin tamizaje para cardiopatía congénita (pulsioximetría) hasta 28 días,"4, Canalización de casos sin aseguramiento / oficina SISS",,Matriz de análisis de la Ruta Materno Perinatal,,Salud mental y tamizaje de violencias,Activación de ruta de protección,Indagar violencia basada en género,Casos con ruta activada,100%,-1%,101%,Malo,,,,,,,,,,,,
,,,,,,,,,,,,,,,,,,,,,,,,,,,,,Síntesis del análisis Ruta Materna,Recién nacido con desplome nutricional o ganancia inadecuada de peso (hasta 28 días),"4, Canalización de casos sin aseguramiento / oficina SISS",,Matriz de análisis de la Ruta Materno Perinatal,,Salud mental y tamizaje de violencias,Activación de ruta de protección,Registrar hallazgos con confidencialidad,Tamizaje de salud mental realizado,,,,,,,,,,,,,,,,
,,,,,,,,,,,,,,,,,,,,,,,,,,,,,Síntesis del análisis Ruta Materna,Recién nacido con sintomatología respiratoria (hasta 28 días),"4, Canalización de casos sin aseguramiento / oficina SISS",,Matriz de análisis de la Ruta Materno Perinatal,,Salud mental y tamizaje de violencias,Activación de ruta de protección,Registrar hallazgos con confidencialidad,Tamizaje de violencias realizado,,,,,,,,,,,,,,,,
,,,,,,,,,,,,,,,,,,,,,,,,,,,,,Síntesis del análisis Ruta Materna,Nomal,Sin Canalización,,Matriz de análisis de la Ruta Materno Perinatal,,Salud mental y tamizaje de violencias,Activación de ruta de protección,Registrar hallazgos con confidencialidad,Casos con ruta activada,,,,,,,,,,,,,,,,
,,,,,,,,,,,,,,,,,,,,,,,,,,,,,,,,,Matriz de análisis de la Ruta Materno Perinatal,,Salud mental y tamizaje de violencias,Activación de ruta de protección,Remitir a apoyo psicosocial/protección,Tamizaje de salud mental realizado,,,,,,,,,,,,,,,,
,,,,,,,,,,,,,,,,,,,,,,,,,,,,,,,,,,,Salud mental y tamizaje de violencias,Activación de ruta de protección,Remitir a apoyo psicosocial/protección,Tamizaje de violencias realizado,,,,,,,,,,,,,,,,
,,,,,,,,,,,,,,,,,,,,,,,,,,,,,,,,,,,Salud mental y tamizaje de violencias,Activación de ruta de protección,Remitir a apoyo psicosocial/protección,Casos con ruta activada,,,,,,,,,,,,,,,,
,,,,,,,,,,,,,,,,,,,,,,,,,,,,,,,,,,,Salud mental y tamizaje de violencias,Activación de ruta de protección,Aplicar tamizaje psicosocial,Tamizaje de salud mental realizado,,,,,,,,,,,,,,,,
,,,,,,,,,,,,,,,,,,,,,,,,,,,,,,,,,,,Salud mental y tamizaje de violencias,Activación de ruta de protección,Aplicar tamizaje psicosocial,Tamizaje de violencias realizado,,,,,,,,,,,,,,,,
,,,,,,,,,,,,,,,,,,,,,,,,,,,,,,,,,,,Salud mental y tamizaje de violencias,Activación de ruta de protección,Aplicar tamizaje psicosocial,Casos con ruta activada,,,,,,,,,,,,,,,,
,,,,,,,,,,,,,,,,,,,,,,,,,,,,,,,,,,,Salud mental y tamizaje de violencias,Activación de ruta de protección,Indagar violencia basada en género,Tamizaje de salud mental realizado,,,,,,,,,,,,,,,,
,,,,,,,,,,,,,,,,,,,,,,,,,,,,,,,,,,,Salud mental y tamizaje de violencias,Activación de ruta de protección,Indagar violencia basada en género,Tamizaje de violencias realizado,,,,,,,,,,,,,,,,
,,,,,,,,,,,,,,,,,,,,,,,,,,,,,,,,,,,Salud mental y tamizaje de violencias,Activación de ruta de protección,Indagar violencia basada en género,Casos con ruta activada,,,,,,,,,,,,,,,,
,,,,,,,,,,,,,,,,,,,,,,,,,,,,,,,,,,,Salud mental y tamizaje de violencias,Activación de ruta de protección,Registrar hallazgos con confidencialidad,Tamizaje de salud mental realizado,,,,,,,,,,,,,,,,
,,,,,,,,,,,,,,,,,,,,,,,,,,,,,,,,,,,Salud mental y tamizaje de violencias,Activación de ruta de protección,Registrar hallazgos con confidencialidad,Tamizaje de violencias realizado,,,,,,,,,,,,,,,,
,,,,,,,,,,,,,,,,,,,,,,,,,,,,,,,,,,,Salud mental y tamizaje de violencias,Activación de ruta de protección,Registrar hallazgos con confidencialidad,Casos con ruta activada,,,,,,,,,,,,,,,,
,,,,,,,,,,,,,,,,,,,,,,,,,,,,,,,,,,,Salud mental y tamizaje de violencias,Activación de ruta de protección,Remitir a apoyo psicosocial/protección,Tamizaje de salud mental realizado,,,,,,,,,,,,,,,,
,,,,,,,,,,,,,,,,,,,,,,,,,,,,,,,,,,,Salud mental y tamizaje de violencias,Activación de ruta de protección,Remitir a apoyo psicosocial/protección,Tamizaje de violencias realizado,,,,,,,,,,,,,,,,
,,,,,,,,,,,,,,,,,,,,,,,,,,,,,,,,,,,Salud mental y tamizaje de violencias,Activación de ruta de protección,Remitir a apoyo psicosocial/protección,Casos con ruta activada,,,,,,,,,,,,,,,,
,,,,,,,,,,,,,,,,,,,,,,,,,,,,,,,,,,,Vacunación y suplementación,Vacunación materna,Verificar esquema de vacunación,Vacunación materna completa,,,,,,,,,,,,,,,,
,,,,,,,,,,,,,,,,,,,,,,,,,,,,,,,,,,,Vacunación y suplementación,Vacunación materna,Verificar esquema de vacunación,Suplementación entregada,,,,,,,,,,,,,,,,
,,,,,,,,,,,,,,,,,,,,,,,,,,,,,,,,,,,Vacunación y suplementación,Vacunación materna,Verificar esquema de vacunación,Adherencia a suplementación,,,,,,,,,,,,,,,,
,,,,,,,,,,,,,,,,,,,,,,,,,,,,,,,,,,,Vacunación y suplementación,Vacunación materna,Aplicar vacunas indicadas,Vacunación materna completa,,,,,,,,,,,,,,,,
,,,,,,,,,,,,,,,,,,,,,,,,,,,,,,,,,,,Vacunación y suplementación,Vacunación materna,Aplicar vacunas indicadas,Suplementación entregada,,,,,,,,,,,,,,,,
,,,,,,,,,,,,,,,,,,,,,,,,,,,,,,,,,,,Vacunación y suplementación,Vacunación materna,Aplicar vacunas indicadas,Adherencia a suplementación,,,,,,,,,,,,,,,,
,,,,,,,,,,,,,,,,,,,,,,,,,,,,,,,,,,,Vacunación y suplementación,Vacunación materna,Entregar micronutrientes según lineamiento,Vacunación materna completa,,,,,,,,,,,,,,,,
,,,,,,,,,,,,,,,,,,,,,,,,,,,,,,,,,,,Vacunación y suplementación,Vacunación materna,Entregar micronutrientes según lineamiento,Suplementación entregada,,,,,,,,,,,,,,,,
,,,,,,,,,,,,,,,,,,,,,,,,,,,,,,,,,,,Vacunación y suplementación,Vacunación materna,Entregar micronutrientes según lineamiento,Adherencia a suplementación,,,,,,,,,,,,,,,,
,,,,,,,,,,,,,,,,,,,,,,,,,,,,,,,,,,,Vacunación y suplementación,Vacunación materna,Registrar adherencia y eventos,Vacunación materna completa,,,,,,,,,,,,,,,,
,,,,,,,,,,,,,,,,,,,,,,,,,,,,,,,,,,,Vacunación y suplementación,Vacunación materna,Registrar adherencia y eventos,Suplementación entregada,,,,,,,,,,,,,,,,
,,,,,,,,,,,,,,,,,,,,,,,,,,,,,,,,,,,Vacunación y suplementación,Vacunación materna,Registrar adherencia y eventos,Adherencia a suplementación,,,,,,,,,,,,,,,,
,,,,,,,,,,,,,,,,,,,,,,,,,,,,,,,,,,,"Ayudas diagnósticas, ecografías y laboratorios",Laboratorios prenatales,Solicitar exámenes según trimestre,Laboratorios completos,,,,,,,,,,,,,,,,
,,,,,,,,,,,,,,,,,,,,,,,,,,,,,,,,,,,"Ayudas diagnósticas, ecografías y laboratorios",Laboratorios prenatales,Solicitar exámenes según trimestre,Ecografías realizadas,,,,,,,,,,,,,,,,
,,,,,,,,,,,,,,,,,,,,,,,,,,,,,,,,,,,"Ayudas diagnósticas, ecografías y laboratorios",Laboratorios prenatales,Solicitar exámenes según trimestre,Resultados revisados oportunamente,,,,,,,,,,,,,,,,
,,,,,,,,,,,,,,,,,,,,,,,,,,,,,,,,,,,"Ayudas diagnósticas, ecografías y laboratorios",Laboratorios prenatales,Gestionar ecografías indicadas,Laboratorios completos,,,,,,,,,,,,,,,,
,,,,,,,,,,,,,,,,,,,,,,,,,,,,,,,,,,,"Ayudas diagnósticas, ecografías y laboratorios",Laboratorios prenatales,Gestionar ecografías indicadas,Ecografías realizadas,,,,,,,,,,,,,,,,
,,,,,,,,,,,,,,,,,,,,,,,,,,,,,,,,,,,"Ayudas diagnósticas, ecografías y laboratorios",Laboratorios prenatales,Gestionar ecografías indicadas,Resultados revisados oportunamente,,,,,,,,,,,,,,,,
,,,,,,,,,,,,,,,,,,,,,,,,,,,,,,,,,,,"Ayudas diagnósticas, ecografías y laboratorios",Laboratorios prenatales,Revisar resultados oportunamente,Laboratorios completos,,,,,,,,,,,,,,,,
,,,,,,,,,,,,,,,,,,,,,,,,,,,,,,,,,,,"Ayudas diagnósticas, ecografías y laboratorios",Laboratorios prenatales,Revisar resultados oportunamente,Ecografías realizadas,,,,,,,,,,,,,,,,
,,,,,,,,,,,,,,,,,,,,,,,,,,,,,,,,,,,"Ayudas diagnósticas, ecografías y laboratorios",Laboratorios prenatales,Revisar resultados oportunamente,Resultados revisados oportunamente,,,,,,,,,,,,,,,,
,,,,,,,,,,,,,,,,,,,,,,,,,,,,,,,,,,,"Ayudas diagnósticas, ecografías y laboratorios",Laboratorios prenatales,Actuar ante alteraciones,Laboratorios completos,,,,,,,,,,,,,,,,
,,,,,,,,,,,,,,,,,,,,,,,,,,,,,,,,,,,"Ayudas diagnósticas, ecografías y laboratorios",Laboratorios prenatales,Actuar ante alteraciones,Ecografías realizadas,,,,,,,,,,,,,,,,
,,,,,,,,,,,,,,,,,,,,,,,,,,,,,,,,,,,"Ayudas diagnósticas, ecografías y laboratorios",Laboratorios prenatales,Actuar ante alteraciones,Resultados revisados oportunamente,,,,,,,,,,,,,,,,
,,,,,,,,,,,,,,,,,,,,,,,,,,,,,,,,,,,"Ayudas diagnósticas, ecografías y laboratorios",Ecografías obstétricas,Solicitar exámenes según trimestre,Laboratorios completos,,,,,,,,,,,,,,,,
,,,,,,,,,,,,,,,,,,,,,,,,,,,,,,,,,,,"Ayudas diagnósticas, ecografías y laboratorios",Ecografías obstétricas,Solicitar exámenes según trimestre,Ecografías realizadas,,,,,,,,,,,,,,,,
,,,,,,,,,,,,,,,,,,,,,,,,,,,,,,,,,,,"Ayudas diagnósticas, ecografías y laboratorios",Ecografías obstétricas,Solicitar exámenes según trimestre,Resultados revisados oportunamente,,,,,,,,,,,,,,,,
,,,,,,,,,,,,,,,,,,,,,,,,,,,,,,,,,,,"Ayudas diagnósticas, ecografías y laboratorios",Ecografías obstétricas,Gestionar ecografías indicadas,Laboratorios completos,,Solicitar exámenes según trimestre,,Muy bueno,,,,,,,,,,,,
,,,,,,,,,,,,,,,,,,,,,,,,,,,,,,,,,,,"Ayudas diagnósticas, ecografías y laboratorios",Ecografías obstétricas,Gestionar ecografías indicadas,Ecografías realizadas,,Gestionar ecografías indicadas,,Muy bueno,,,,,,,,,,,,
,,,,,,,,,,,,,,,,,,,,,,,,,,,,,,,,,,,"Ayudas diagnósticas, ecografías y laboratorios",Ecografías obstétricas,Gestionar ecografías indicadas,Resultados revisados oportunamente,,Revisar resultados oportunamente,,Muy bueno,,,,,,,,,,,,
,,,,,,,,,,,,,,,,,,,,,,,,,,,,,,,,,,,"Ayudas diagnósticas, ecografías y laboratorios",Ecografías obstétricas,Revisar resultados oportunamente,Laboratorios completos,,Actuar ante alteraciones,,Muy bueno,,,,,,,,,,,,
,,,,,,,,,,,,,,,,,,,,,,,,,,,,,,,,,,,"Ayudas diagnósticas, ecografías y laboratorios",Ecografías obstétricas,Revisar resultados oportunamente,Ecografías realizadas,,,,,,,,,,,,,,,,
,,,,,,,,,,,,,,,,,,,,,,,,,,,,,,,,,,,"Ayudas diagnósticas, ecografías y laboratorios",Ecografías obstétricas,Revisar resultados oportunamente,Resultados revisados oportunamente,,,,,,,,,,,,,,,,
,,,,,,,,,,,,,,,,,,,,,,,,,,,,,,,,,,,"Ayudas diagnósticas, ecografías y laboratorios",Ecografías obstétricas,Actuar ante alteraciones,Laboratorios completos,,,,,,,,,,,,,,,,
,,,,,,,,,,,,,,,,,,,,,,,,,,,,,,,,,,,"Ayudas diagnósticas, ecografías y laboratorios",Ecografías obstétricas,Actuar ante alteraciones,Ecografías realizadas,,,,,,,,,,,,,,,,
,,,,,,,,,,,,,,,,,,,,,,,,,,,,,,,,,,,"Ayudas diagnósticas, ecografías y laboratorios",Ecografías obstétricas,Actuar ante alteraciones,Resultados revisados oportunamente,,,,,,,,,,,,,,,,
,,,,,,,,,,,,,,,,,,,,,,,,,,,,,,,,,,,"Ayudas diagnósticas, ecografías y laboratorios",Seguimiento de resultados,Solicitar exámenes según trimestre,Laboratorios completos,,,,,,,,,,,,,,,,
,,,,,,,,,,,,,,,,,,,,,,,,,,,,,,,,,,,"Ayudas diagnósticas, ecografías y laboratorios",Seguimiento de resultados,Solicitar exámenes según trimestre,Ecografías realizadas,,,,,,,,,,,,,,,,
,,,,,,,,,,,,,,,,,,,,,,,,,,,,,,,,,,,"Ayudas diagnósticas, ecografías y laboratorios",Seguimiento de resultados,Solicitar exámenes según trimestre,Resultados revisados oportunamente,,,,,,,,,,,,,,,,
,,,,,,,,,,,,,,,,,,,,,,,,,,,,,,,,,,,"Ayudas diagnósticas, ecografías y laboratorios",Seguimiento de resultados,Gestionar ecografías indicadas,Laboratorios completos,,,,,,,,,,,,,,,,
,,,,,,,,,,,,,,,,,,,,,,,,,,,,,,,,,,,"Ayudas diagnósticas, ecografías y laboratorios",Seguimiento de resultados,Gestionar ecografías indicadas,Ecografías realizadas,,,,,,,,,,,,,,,,
,,,,,,,,,,,,,,,,,,,,,,,,,,,,,,,,,,,"Ayudas diagnósticas, ecografías y laboratorios",Seguimiento de resultados,Gestionar ecografías indicadas,Resultados revisados oportunamente,,,,,,,,,,,,,,,,
,,,,,,,,,,,,,,,,,,,,,,,,,,,,,,,,,,,"Ayudas diagnósticas, ecografías y laboratorios",Seguimiento de resultados,Revisar resultados oportunamente,Laboratorios completos,,,,,,,,,,,,,,,,
,,,,,,,,,,,,,,,,,,,,,,,,,,,,,,,,,,,"Ayudas diagnósticas, ecografías y laboratorios",Seguimiento de resultados,Revisar resultados oportunamente,Ecografías realizadas,,,,,,,,,,,,,,,,
,,,,,,,,,,,,,,,,,,,,,,,,,,,,,,,,,,,"Ayudas diagnósticas, ecografías y laboratorios",Seguimiento de resultados,Revisar resultados oportunamente,Resultados revisados oportunamente,,,,,,,,,,,,,,,,
,,,,,,,,,,,,,,,,,,,,,,,,,,,,,,,,,,,"Ayudas diagnósticas, ecografías y laboratorios",Seguimiento de resultados,Actuar ante alteraciones,Laboratorios completos,,,,,,,,,,,,,,,,
,,,,,,,,,,,,,,,,,,,,,,,,,,,,,,,,,,,"Ayudas diagnósticas, ecografías y laboratorios",Seguimiento de resultados,Actuar ante alteraciones,Ecografías realizadas,,,,,,,,,,,,,,,,
,,,,,,,,,,,,,,,,,,,,,,,,,,,,,,,,,,,"Ayudas diagnósticas, ecografías y laboratorios",Seguimiento de resultados,Actuar ante alteraciones,Resultados revisados oportunamente,,,,,,,,,,,,,,,,
,,,,,,,,,,,,,,,,,,,,,,,,,,,,,,,,,,,Vacunación y suplementación,Suplementación nutricional,Verificar esquema de vacunación,Vacunación materna completa,,,,,,,,,,,,,,,,
,,,,,,,,,,,,,,,,,,,,,,,,,,,,,,,,,,,Vacunación y suplementación,Suplementación nutricional,Verificar esquema de vacunación,Suplementación entregada,,,,,,,,,,,,,,,,
,,,,,,,,,,,,,,,,,,,,,,,,,,,,,,,,,,,Vacunación y suplementación,Suplementación nutricional,Verificar esquema de vacunación,Adherencia a suplementación,,,,,,,,,,,,,,,,
,,,,,,,,,,,,,,,,,,,,,,,,,,,,,,,,,,,Vacunación y suplementación,Suplementación nutricional,Aplicar vacunas indicadas,Vacunación materna completa,,,,,,,,,,,,,,,,
,,,,,,,,,,,,,,,,,,,,,,,,,,,,,,,,,,,Vacunación y suplementación,Suplementación nutricional,Aplicar vacunas indicadas,Suplementación entregada,,,,,,,,,,,,,,,,
,,,,,,,,,,,,,,,,,,,,,,,,,,,,,,,,,,,Vacunación y suplementación,Suplementación nutricional,Aplicar vacunas indicadas,Adherencia a suplementación,,,,,,,,,,,,,,,,
,,,,,,,,,,,,,,,,,,,,,,,,,,,,,,,,,,,Vacunación y suplementación,Suplementación nutricional,Entregar micronutrientes según lineamiento,Vacunación materna completa,,,,,,,,,,,,,,,,
,,,,,,,,,,,,,,,,,,,,,,,,,,,,,,,,,,,Vacunación y suplementación,Suplementación nutricional,Entregar micronutrientes según lineamiento,Suplementación entregada,,,,,,,,,,,,,,,,
,,,,,,,,,,,,,,,,,,,,,,,,,,,,,,,,,,,Vacunación y suplementación,Suplementación nutricional,Entregar micronutrientes según lineamiento,Adherencia a suplementación,,,,,,,,,,,,,,,,
,,,,,,,,,,,,,,,,,,,,,,,,,,,,,,,,,,,Vacunación y suplementación,Suplementación nutricional,Registrar adherencia y eventos,Vacunación materna completa,,,,,,,,,,,,,,,,
,,,,,,,,,,,,,,,,,,,,,,,,,,,,,,,,,,,Vacunación y suplementación,Suplementación nutricional,Registrar adherencia y eventos,Suplementación entregada,,,,,,,,,,,,,,,,
,,,,,,,,,,,,,,,,,,,,,,,,,,,,,,,,,,,Vacunación y suplementación,Suplementación nutricional,Registrar adherencia y eventos,Adherencia a suplementación,,,,,,,,,,,,,,,,
,,,,,,,,,,,,,,,,,,,,,,,,,,,,,,,,,,,Vacunación y suplementación,Seguimiento a adherencia,Verificar esquema de vacunación,Vacunación materna completa,,,,,,,,,,,,,,,,
,,,,,,,,,,,,,,,,,,,,,,,,,,,,,,,,,,,Vacunación y suplementación,Seguimiento a adherencia,Verificar esquema de vacunación,Suplementación entregada,,,,,,,,,,,,,,,,
,,,,,,,,,,,,,,,,,,,,,,,,,,,,,,,,,,,Vacunación y suplementación,Seguimiento a adherencia,Verificar esquema de vacunación,Adherencia a suplementación,,,,,,,,,,,,,,,,
,,,,,,,,,,,,,,,,,,,,,,,,,,,,,,,,,,,Vacunación y suplementación,Seguimiento a adherencia,Aplicar vacunas indicadas,Vacunación materna completa,,,,,,,,,,,,,,,,
,,,,,,,,,,,,,,,,,,,,,,,,,,,,,,,,,,,Vacunación y suplementación,Seguimiento a adherencia,Aplicar vacunas indicadas,Suplementación entregada,,,,,,,,,,,,,,,,
,,,,,,,,,,,,,,,,,,,,,,,,,,,,,,,,,,,Vacunación y suplementación,Seguimiento a adherencia,Aplicar vacunas indicadas,Adherencia a suplementación,,,,,,,,,,,,,,,,
,,,,,,,,,,,,,,,,,,,,,,,,,,,,,,,,,,,Vacunación y suplementación,Seguimiento a adherencia,Entregar micronutrientes según lineamiento,Vacunación materna completa,,,,,,,,,,,,,,,,
,,,,,,,,,,,,,,,,,,,,,,,,,,,,,,,,,,,Vacunación y suplementación,Seguimiento a adherencia,Entregar micronutrientes según lineamiento,Suplementación entregada,,,,,,,,,,,,,,,,
,,,,,,,,,,,,,,,,,,,,,,,,,,,,,,,,,,,Vacunación y suplementación,Seguimiento a adherencia,Entregar micronutrientes según lineamiento,Adherencia a suplementación,,,,,,,,,,,,,,,,
,,,,,,,,,,,,,,,,,,,,,,,,,,,,,,,,,,,Vacunación y suplementación,Seguimiento a adherencia,Registrar adherencia y eventos,Vacunación materna completa,,,,,,,,,,,,,,,,
,,,,,,,,,,,,,,,,,,,,,,,,,,,,,,,,,,,Vacunación y suplementación,Seguimiento a adherencia,Registrar adherencia y eventos,Suplementación entregada,,,,,,,,,,,,,,,,
,,,,,,,,,,,,,,,,,,,,,,,,,,,,,,,,,,,Vacunación y suplementación,Seguimiento a adherencia,Registrar adherencia y eventos,Adherencia a suplementación,,,,,,,,,,,,,,,,
,,,,,,,,,,,,,,,,,,,,,,,,,,,,,,,,,,,Educación en signos de alarma,Verificación de comprensión,Explicar signos de alarma maternos y neonatales,Gestantes educadas en signos de alarma,,,,,,,,,,,,,,,,
,,,,,,,,,,,,,,,,,,,,,,,,,,,,,,,,,,,Educación en signos de alarma,Verificación de comprensión,Explicar signos de alarma maternos y neonatales,Comprensión verificada,,,,,,,,,,,,,,,,
,,,,,,,,,,,,,,,,,,,,,,,,,,,,,,,,,,,Educación en signos de alarma,Verificación de comprensión,Explicar signos de alarma maternos y neonatales,Consulta oportuna ante signos de alarma,,,,,,,,,,,,,,,,
,,,,,,,,,,,,,,,,,,,,,,,,,,,,,,,,,,,Educación en signos de alarma,Verificación de comprensión,Entregar orientación escrita o verbal,Gestantes educadas en signos de alarma,,,,,,,,,,,,,,,,
,,,,,,,,,,,,,,,,,,,,,,,,,,,,,,,,,,,Educación en signos de alarma,Verificación de comprensión,Entregar orientación escrita o verbal,Comprensión verificada,,,,,,,,,,,,,,,,
,,,,,,,,,,,,,,,,,,,,,,,,,,,,,,,,,,,Educación en signos de alarma,Verificación de comprensión,Entregar orientación escrita o verbal,Consulta oportuna ante signos de alarma,,,,,,,,,,,,,,,,
,,,,,,,,,,,,,,,,,,,,,,,,,,,,,,,,,,,Educación en signos de alarma,Verificación de comprensión,Verificar comprensión familiar,Gestantes educadas en signos de alarma,,,,,,,,,,,,,,,,
,,,,,,,,,,,,,,,,,,,,,,,,,,,,,,,,,,,Educación en signos de alarma,Verificación de comprensión,Verificar comprensión familiar,Comprensión verificada,,,,,,,,,,,,,,,,
,,,,,,,,,,,,,,,,,,,,,,,,,,,,,,,,,,,Educación en signos de alarma,Verificación de comprensión,Verificar comprensión familiar,Consulta oportuna ante signos de alarma,,,,,,,,,,,,,,,,
,,,,,,,,,,,,,,,,,,,,,,,,,,,,,,,,,,,Educación en signos de alarma,Verificación de comprensión,Definir punto de atención,Gestantes educadas en signos de alarma,,,,,,,,,,,,,,,,
,,,,,,,,,,,,,,,,,,,,,,,,,,,,,,,,,,,Educación en signos de alarma,Verificación de comprensión,Definir punto de atención,Comprensión verificada,,,,,,,,,,,,,,,,
,,,,,,,,,,,,,,,,,,,,,,,,,,,,,,,,,,,Educación en signos de alarma,Verificación de comprensión,Definir punto de atención,Consulta oportuna ante signos de alarma,,,,,,,,,,,,,,,,
,,,,,,,,,,,,,,,,,,,,,,,,,,,,,,,,,,,Educación en signos de alarma,Plan de consulta oportuna,Explicar signos de alarma maternos y neonatales,Gestantes educadas en signos de alarma,,,,,,,,,,,,,,,,
,,,,,,,,,,,,,,,,,,,,,,,,,,,,,,,,,,,Educación en signos de alarma,Plan de consulta oportuna,Explicar signos de alarma maternos y neonatales,Comprensión verificada,,,,,,,,,,,,,,,,
,,,,,,,,,,,,,,,,,,,,,,,,,,,,,,,,,,,Educación en signos de alarma,Plan de consulta oportuna,Explicar signos de alarma maternos y neonatales,Consulta oportuna ante signos de alarma,,,,,,,,,,,,,,,,
,,,,,,,,,,,,,,,,,,,,,,,,,,,,,,,,,,,Educación en signos de alarma,Plan de consulta oportuna,Entregar orientación escrita o verbal,Gestantes educadas en signos de alarma,,,,,,,,,,,,,,,,
,,,,,,,,,,,,,,,,,,,,,,,,,,,,,,,,,,,Educación en signos de alarma,Plan de consulta oportuna,Entregar orientación escrita o verbal,Comprensión verificada,,,,,,,,,,,,,,,,
,,,,,,,,,,,,,,,,,,,,,,,,,,,,,,,,,,,Educación en signos de alarma,Plan de consulta oportuna,Entregar orientación escrita o verbal,Consulta oportuna ante signos de alarma,,,,,,,,,,,,,,,,
,,,,,,,,,,,,,,,,,,,,,,,,,,,,,,,,,,,Educación en signos de alarma,Plan de consulta oportuna,Verificar comprensión familiar,Gestantes educadas en signos de alarma,,,,,,,,,,,,,,,,
,,,,,,,,,,,,,,,,,,,,,,,,,,,,,,,,,,,Educación en signos de alarma,Plan de consulta oportuna,Verificar comprensión familiar,Comprensión verificada,,,,,,,,,,,,,,,,
,,,,,,,,,,,,,,,,,,,,,,,,,,,,,,,,,,,Educación en signos de alarma,Plan de consulta oportuna,Verificar comprensión familiar,Consulta oportuna ante signos de alarma,,,,,,,,,,,,,,,,
,,,,,,,,,,,,,,,,,,,,,,,,,,,,,,,,,,,Educación en signos de alarma,Plan de consulta oportuna,Definir punto de atención,Gestantes educadas en signos de alarma,,,,,,,,,,,,,,,,
,,,,,,,,,,,,,,,,,,,,,,,,,,,,,,,,,,,Educación en signos de alarma,Plan de consulta oportuna,Definir punto de atención,Comprensión verificada,,,,,,,,,,,,,,,,
,,,,,,,,,,,,,,,,,,,,,,,,,,,,,,,,,,,Educación en signos de alarma,Plan de consulta oportuna,Definir punto de atención,Consulta oportuna ante signos de alarma,,,,,,,,,,,,,,,,
,,,,,,,,,,,,,,,,,,,,,,,,,,,,,,,,,,,Clasificación y seguimiento del riesgo obstétrico,Remisión por riesgo,Aplicar clasificación de riesgo,Riesgo obstétrico clasificado,,,,,,,,,,,,,,,,
,,,,,,,,,,,,,,,,,,,,,,,,,,,,,,,,,,,Clasificación y seguimiento del riesgo obstétrico,Remisión por riesgo,Aplicar clasificación de riesgo,Gestantes de alto riesgo con seguimiento,,,,,,,,,,,,,,,,
,,,,,,,,,,,,,,,,,,,,,,,,,,,,,,,,,,,Clasificación y seguimiento del riesgo obstétrico,Remisión por riesgo,Aplicar clasificación de riesgo,Remisiones efectivas,,,,,,,,,,,,,,,,
,,,,,,,,,,,,,,,,,,,,,,,,,,,,,,,,,,,Clasificación y seguimiento del riesgo obstétrico,Remisión por riesgo,Documentar riesgo y plan,Riesgo obstétrico clasificado,,,,,,,,,,,,,,,,
,,,,,,,,,,,,,,,,,,,,,,,,,,,,,,,,,,,Clasificación y seguimiento del riesgo obstétrico,Remisión por riesgo,Documentar riesgo y plan,Gestantes de alto riesgo con seguimiento,,,,,,,,,,,,,,,,
,,,,,,,,,,,,,,,,,,,,,,,,,,,,,,,,,,,Clasificación y seguimiento del riesgo obstétrico,Remisión por riesgo,Documentar riesgo y plan,Remisiones efectivas,,,,,,,,,,,,,,,,
,,,,,,,,,,,,,,,,,,,,,,,,,,,,,,,,,,,Clasificación y seguimiento del riesgo obstétrico,Remisión por riesgo,Activar ruta de referencia,Riesgo obstétrico clasificado,,,,,,,,,,,,,,,,
,,,,,,,,,,,,,,,,,,,,,,,,,,,,,,,,,,,Clasificación y seguimiento del riesgo obstétrico,Remisión por riesgo,Activar ruta de referencia,Gestantes de alto riesgo con seguimiento,,,,,,,,,,,,,,,,
,,,,,,,,,,,,,,,,,,,,,,,,,,,,,,,,,,,Clasificación y seguimiento del riesgo obstétrico,Remisión por riesgo,Activar ruta de referencia,Remisiones efectivas,,,,,,,,,,,,,,,,
,,,,,,,,,,,,,,,,,,,,,,,,,,,,,,,,,,,Clasificación y seguimiento del riesgo obstétrico,Remisión por riesgo,Hacer seguimiento a citas y resultados,Riesgo obstétrico clasificado,,,,,,,,,,,,,,,,
,,,,,,,,,,,,,,,,,,,,,,,,,,,,,,,,,,,Clasificación y seguimiento del riesgo obstétrico,Remisión por riesgo,Hacer seguimiento a citas y resultados,Gestantes de alto riesgo con seguimiento,,,,,,,,,,,,,,,,
,,,,,,,,,,,,,,,,,,,,,,,,,,,,,,,,,,,Clasificación y seguimiento del riesgo obstétrico,Remisión por riesgo,Hacer seguimiento a citas y resultados,Remisiones efectivas,,,,,,,,,,,,,,,,
,,,,,,,,,,,,,,,,,,,,,,,,,,,,,,,,,,,Control prenatal,Consulta de control prenatal,Realizar controles según edad gestacional,Número de controles prenatales,,,,,,,,,,,,,,,,
,,,,,,,,,,,,,,,,,,,,,,,,,,,,,,,,,,,Control prenatal,Consulta de control prenatal,Realizar controles según edad gestacional,Control prenatal completo,,,,,,,,,,,,,,,,
,,,,,,,,,,,,,,,,,,,,,,,,,,,,,,,,,,,Control prenatal,Consulta de control prenatal,Realizar controles según edad gestacional,Gestantes con plan de parto,,,,,,,,,,,,,,,,
,,,,,,,,,,,,,,,,,,,,,,,,,,,,,,,,,,,Control prenatal,Consulta de control prenatal,Valorar madre y feto,Número de controles prenatales,,,,,,,,,,,,,,,,
,,,,,,,,,,,,,,,,,,,,,,,,,,,,,,,,,,,Control prenatal,Consulta de control prenatal,Valorar madre y feto,Control prenatal completo,,,,,,,,,,,,,,,,
,,,,,,,,,,,,,,,,,,,,,,,,,,,,,,,,,,,Control prenatal,Consulta de control prenatal,Valorar madre y feto,Gestantes con plan de parto,,,,,,,,,,,,,,,,
,,,,,,,,,,,,,,,,,,,,,,,,,,,,,,,,,,,Control prenatal,Consulta de control prenatal,Actualizar riesgo y plan de manejo,Número de controles prenatales,,,,,,,,,,,,,,,,
,,,,,,,,,,,,,,,,,,,,,,,,,,,,,,,,,,,Control prenatal,Consulta de control prenatal,Actualizar riesgo y plan de manejo,Control prenatal completo,,,,,,,,,,,,,,,,
,,,,,,,,,,,,,,,,,,,,,,,,,,,,,,,,,,,Control prenatal,Consulta de control prenatal,Actualizar riesgo y plan de manejo,Gestantes con plan de parto,,,,,,,,,,,,,,,,
,,,,,,,,,,,,,,,,,,,,,,,,,,,,,,,,,,,Control prenatal,Consulta de control prenatal,Educar y registrar hallazgos,Número de controles prenatales,,,,,,,,,,,,,,,,
,,,,,,,,,,,,,,,,,,,,,,,,,,,,,,,,,,,Control prenatal,Consulta de control prenatal,Educar y registrar hallazgos,Control prenatal completo,,,,,,,,,,,,,,,,
,,,,,,,,,,,,,,,,,,,,,,,,,,,,,,,,,,,Control prenatal,Consulta de control prenatal,Educar y registrar hallazgos,Gestantes con plan de parto,,,,,,,,,,,,,,,,
,,,,,,,,,,,,,,,,,,,,,,,,,,,,,,,,,,,Control prenatal,Seguimiento integral,Realizar controles según edad gestacional,Número de controles prenatales,,,,,,,,,,,,,,,,
,,,,,,,,,,,,,,,,,,,,,,,,,,,,,,,,,,,Control prenatal,Seguimiento integral,Realizar controles según edad gestacional,Control prenatal completo,,,,,,,,,,,,,,,,
,,,,,,,,,,,,,,,,,,,,,,,,,,,,,,,,,,,Control prenatal,Seguimiento integral,Realizar controles según edad gestacional,Gestantes con plan de parto,,,,,,,,,,,,,,,,
,,,,,,,,,,,,,,,,,,,,,,,,,,,,,,,,,,,Control prenatal,Seguimiento integral,Valorar madre y feto,Número de controles prenatales,,,,,,,,,,,,,,,,
,,,,,,,,,,,,,,,,,,,,,,,,,,,,,,,,,,,Control prenatal,Seguimiento integral,Valorar madre y feto,Control prenatal completo,,,,,,,,,,,,,,,,
,,,,,,,,,,,,,,,,,,,,,,,,,,,,,,,,,,,Control prenatal,Seguimiento integral,Valorar madre y feto,Gestantes con plan de parto,,,,,,,,,,,,,,,,
,,,,,,,,,,,,,,,,,,,,,,,,,,,,,,,,,,,Control prenatal,Seguimiento integral,Actualizar riesgo y plan de manejo,Número de controles prenatales,,,,,,,,,,,,,,,,
,,,,,,,,,,,,,,,,,,,,,,,,,,,,,,,,,,,Control prenatal,Seguimiento integral,Actualizar riesgo y plan de manejo,Control prenatal completo,,,,,,,,,,,,,,,,
,,,,,,,,,,,,,,,,,,,,,,,,,,,,,,,,,,,Control prenatal,Seguimiento integral,Actualizar riesgo y plan de manejo,Gestantes con plan de parto,,,,,,,,,,,,,,,,
,,,,,,,,,,,,,,,,,,,,,,,,,,,,,,,,,,,Control prenatal,Seguimiento integral,Educar y registrar hallazgos,Número de controles prenatales,,,,,,,,,,,,,,,,
,,,,,,,,,,,,,,,,,,,,,,,,,,,,,,,,,,,Control prenatal,Seguimiento integral,Educar y registrar hallazgos,Control prenatal completo,,,,,,,,,,,,,,,,
,,,,,,,,,,,,,,,,,,,,,,,,,,,,,,,,,,,Control prenatal,Seguimiento integral,Educar y registrar hallazgos,Gestantes con plan de parto,,,,,,,,,,,,,,,,
,,,,,,,,,,,,,,,,,,,,,,,,,,,,,,,,,,,Control prenatal,Plan de parto y cuidado,Realizar controles según edad gestacional,Número de controles prenatales,,,,,,,,,,,,,,,,
,,,,,,,,,,,,,,,,,,,,,,,,,,,,,,,,,,,Control prenatal,Plan de parto y cuidado,Realizar controles según edad gestacional,Control prenatal completo,,,,,,,,,,,,,,,,
,,,,,,,,,,,,,,,,,,,,,,,,,,,,,,,,,,,Control prenatal,Plan de parto y cuidado,Realizar controles según edad gestacional,Gestantes con plan de parto,,,,,,,,,,,,,,,,
,,,,,,,,,,,,,,,,,,,,,,,,,,,,,,,,,,,Control prenatal,Plan de parto y cuidado,Valorar madre y feto,Número de controles prenatales,,,,,,,,,,,,,,,,
,,,,,,,,,,,,,,,,,,,,,,,,,,,,,,,,,,,Control prenatal,Plan de parto y cuidado,Valorar madre y feto,Control prenatal completo,,,,,,,,,,,,,,,,
,,,,,,,,,,,,,,,,,,,,,,,,,,,,,,,,,,,Control prenatal,Plan de parto y cuidado,Valorar madre y feto,Gestantes con plan de parto,,,,,,,,,,,,,,,,
,,,,,,,,,,,,,,,,,,,,,,,,,,,,,,,,,,,Control prenatal,Plan de parto y cuidado,Actualizar riesgo y plan de manejo,Número de controles prenatales,,,,,,,,,,,,,,,,
,,,,,,,,,,,,,,,,,,,,,,,,,,,,,,,,,,,Control prenatal,Plan de parto y cuidado,Actualizar riesgo y plan de manejo,Control prenatal completo,,,,,,,,,,,,,,,,
,,,,,,,,,,,,,,,,,,,,,,,,,,,,,,,,,,,Control prenatal,Plan de parto y cuidado,Actualizar riesgo y plan de manejo,Gestantes con plan de parto,,,,,,,,,,,,,,,,
,,,,,,,,,,,,,,,,,,,,,,,,,,,,,,,,,,,Control prenatal,Plan de parto y cuidado,Educar y registrar hallazgos,Número de controles prenatales,,,,,,,,,,,,,,,,
,,,,,,,,,,,,,,,,,,,,,,,,,,,,,,,,,,,Control prenatal,Plan de parto y cuidado,Educar y registrar hallazgos,Control prenatal completo,,,,,,,,,,,,,,,,
,,,,,,,,,,,,,,,,,,,,,,,,,,,,,,,,,,,Control prenatal,Plan de parto y cuidado,Educar y registrar hallazgos,Gestantes con plan de parto,,,,,,,,,,,,,,,,
,,,,,,,,,,,,,,,,,,,,,,,,,,,,,,,,,,,Atención de urgencias obstétricas,Triage obstétrico,Valoración integral primera infancia,"Valorar crecimiento, desarrollo, estado nutricional, salud bucal, visual, auditiva y entorno familiar",,,,,,,,,,,,,,,,
,,,,,,,,,,,,,,,,,,,,,,,,,,,,,,,,,,,Atención de urgencias obstétricas,Triage obstétrico,Valoración integral primera infancia,Verificar y actualizar esquema de vacunación y suplementación según edad,,,,,,,,,,,,,,,,
,,,,,,,,,,,,,,,,,,,,,,,,,,,,,,,,,,,Atención de urgencias obstétricas,Triage obstétrico,Valoración integral primera infancia,"Tamizar alteraciones del crecimiento, desarrollo, nutrición, salud visual/auditiva y violencias",,,,,,,,,,,,,,,,
,,,,,,,,,,,,,,,,,,,,,,,,,,,,,,,,,,,Atención de urgencias obstétricas,Triage obstétrico,Valoración integral primera infancia,"Educar a cuidadores en lactancia, alimentación, crianza, cuidado y signos de alarma",,,,,,,,,,,,,,,,
,,,,,,,,,,,,,,,,,,,,,,,,,,,,,,,,,,,Atención de urgencias obstétricas,Triage obstétrico,Protección específica,"Valorar crecimiento, desarrollo, estado nutricional, salud bucal, visual, auditiva y entorno familiar",,,,,,,,,,,,,,,,
,,,,,,,,,,,,,,,,,,,,,,,,,,,,,,,,,,,Atención de urgencias obstétricas,Triage obstétrico,Protección específica,Verificar y actualizar esquema de vacunación y suplementación según edad,,,,,,,,,,,,,,,,
,,,,,,,,,,,,,,,,,,,,,,,,,,,,,,,,,,,Atención de urgencias obstétricas,Triage obstétrico,Protección específica,"Tamizar alteraciones del crecimiento, desarrollo, nutrición, salud visual/auditiva y violencias",,,,,,,,,,,,,,,,
,,,,,,,,,,,,,,,,,,,,,,,,,,,,,,,,,,,Atención de urgencias obstétricas,Triage obstétrico,Protección específica,"Educar a cuidadores en lactancia, alimentación, crianza, cuidado y signos de alarma",,,,,,,,,,,,,,,,
,,,,,,,,,,,,,,,,,,,,,,,,,,,,,,,,,,,Atención de urgencias obstétricas,Triage obstétrico,Detección temprana,"Valorar crecimiento, desarrollo, estado nutricional, salud bucal, visual, auditiva y entorno familiar",,,,,,,,,,,,,,,,
,,,,,,,,,,,,,,,,,,,,,,,,,,,,,,,,,,,Atención de urgencias obstétricas,Triage obstétrico,Detección temprana,Verificar y actualizar esquema de vacunación y suplementación según edad,,,,,,,,,,,,,,,,
,,,,,,,,,,,,,,,,,,,,,,,,,,,,,,,,,,,Atención de urgencias obstétricas,Triage obstétrico,Detección temprana,"Tamizar alteraciones del crecimiento, desarrollo, nutrición, salud visual/auditiva y violencias",,,,,,,,,,,,,,,,
,,,,,,,,,,,,,,,,,,,,,,,,,,,,,,,,,,,Atención de urgencias obstétricas,Triage obstétrico,Detección temprana,"Educar a cuidadores en lactancia, alimentación, crianza, cuidado y signos de alarma",,,,,,,,,,,,,,,,
,,,,,,,,,,,,,,,,,,,,,,,,,,,,,,,,,,,Atención de urgencias obstétricas,Triage obstétrico,Educación para la salud,"Valorar crecimiento, desarrollo, estado nutricional, salud bucal, visual, auditiva y entorno familiar",,,,,,,,,,,,,,,,
,,,,,,,,,,,,,,,,,,,,,,,,,,,,,,,,,,,Atención de urgencias obstétricas,Triage obstétrico,Educación para la salud,Verificar y actualizar esquema de vacunación y suplementación según edad,,,,,,,,,,,,,,,,
,,,,,,,,,,,,,,,,,,,,,,,,,,,,,,,,,,,Atención de urgencias obstétricas,Triage obstétrico,Educación para la salud,"Tamizar alteraciones del crecimiento, desarrollo, nutrición, salud visual/auditiva y violencias",,,,,,,,,,,,,,,,
,,,,,,,,,,,,,,,,,,,,,,,,,,,,,,,,,,,Atención de urgencias obstétricas,Triage obstétrico,Educación para la salud,"Educar a cuidadores en lactancia, alimentación, crianza, cuidado y signos de alarma",,,,,,,,,,,,,,,,
,,,,,,,,,,,,,,,,,,,,,,,,,,,,,,,,,,,Atención de urgencias obstétricas,Manejo inicial de urgencia,Valoración integral primera infancia,"Valorar crecimiento, desarrollo, estado nutricional, salud bucal, visual, auditiva y entorno familiar",,,,,,,,,,,,,,,,
,,,,,,,,,,,,,,,,,,,,,,,,,,,,,,,,,,,Atención de urgencias obstétricas,Manejo inicial de urgencia,Valoración integral primera infancia,Verificar y actualizar esquema de vacunación y suplementación según edad,,,,,,,,,,,,,,,,
,,,,,,,,,,,,,,,,,,,,,,,,,,,,,,,,,,,Atención de urgencias obstétricas,Manejo inicial de urgencia,Valoración integral primera infancia,"Tamizar alteraciones del crecimiento, desarrollo, nutrición, salud visual/auditiva y violencias",,,,,,,,,,,,,,,,
,,,,,,,,,,,,,,,,,,,,,,,,,,,,,,,,,,,Atención de urgencias obstétricas,Manejo inicial de urgencia,Valoración integral primera infancia,"Educar a cuidadores en lactancia, alimentación, crianza, cuidado y signos de alarma",,,,,,,,,,,,,,,,
,,,,,,,,,,,,,,,,,,,,,,,,,,,,,,,,,,,Atención de urgencias obstétricas,Manejo inicial de urgencia,Protección específica,"Valorar crecimiento, desarrollo, estado nutricional, salud bucal, visual, auditiva y entorno familiar",,,,,,,,,,,,,,,,
,,,,,,,,,,,,,,,,,,,,,,,,,,,,,,,,,,,Atención de urgencias obstétricas,Manejo inicial de urgencia,Protección específica,Verificar y actualizar esquema de vacunación y suplementación según edad,,,,,,,,,,,,,,,,
,,,,,,,,,,,,,,,,,,,,,,,,,,,,,,,,,,,Atención de urgencias obstétricas,Manejo inicial de urgencia,Protección específica,"Tamizar alteraciones del crecimiento, desarrollo, nutrición, salud visual/auditiva y violencias",,,,,,,,,,,,,,,,
,,,,,,,,,,,,,,,,,,,,,,,,,,,,,,,,,,,Atención de urgencias obstétricas,Manejo inicial de urgencia,Protección específica,"Educar a cuidadores en lactancia, alimentación, crianza, cuidado y signos de alarma",,,,,,,,,,,,,,,,
,,,,,,,,,,,,,,,,,,,,,,,,,,,,,,,,,,,Atención de urgencias obstétricas,Manejo inicial de urgencia,Detección temprana,"Valorar crecimiento, desarrollo, estado nutricional, salud bucal, visual, auditiva y entorno familiar",,,,,,,,,,,,,,,,
,,,,,,,,,,,,,,,,,,,,,,,,,,,,,,,,,,,Atención de urgencias obstétricas,Manejo inicial de urgencia,Detección temprana,Verificar y actualizar esquema de vacunación y suplementación según edad,,,,,,,,,,,,,,,,
,,,,,,,,,,,,,,,,,,,,,,,,,,,,,,,,,,,Atención de urgencias obstétricas,Manejo inicial de urgencia,Detección temprana,"Tamizar alteraciones del crecimiento, desarrollo, nutrición, salud visual/auditiva y violencias",,,,,,,,,,,,,,,,
,,,,,,,,,,,,,,,,,,,,,,,,,,,,,,,,,,,Atención de urgencias obstétricas,Manejo inicial de urgencia,Detección temprana,"Educar a cuidadores en lactancia, alimentación, crianza, cuidado y signos de alarma",,,,,,,,,,,,,,,,
,,,,,,,,,,,,,,,,,,,,,,,,,,,,,,,,,,,Atención de urgencias obstétricas,Manejo inicial de urgencia,Educación para la salud,"Valorar crecimiento, desarrollo, estado nutricional, salud bucal, visual, auditiva y entorno familiar",,Valoración integral primera infancia,,Muy bueno,,,,,,,,,,,,
,,,,,,,,,,,,,,,,,,,,,,,,,,,,,,,,,,,Atención de urgencias obstétricas,Manejo inicial de urgencia,Educación para la salud,Verificar y actualizar esquema de vacunación y suplementación según edad,,Protección específica,,Muy bueno,,,,,,,,,,,,
,,,,,,,,,,,,,,,,,,,,,,,,,,,,,,,,,,,Atención de urgencias obstétricas,Manejo inicial de urgencia,Educación para la salud,"Tamizar alteraciones del crecimiento, desarrollo, nutrición, salud visual/auditiva y violencias",,Detección temprana,,Muy bueno,,,,,,,,,,,,
,,,,,,,,,,,,,,,,,,,,,,,,,,,,,,,,,,,Atención de urgencias obstétricas,Manejo inicial de urgencia,Educación para la salud,"Educar a cuidadores en lactancia, alimentación, crianza, cuidado y signos de alarma",,Educación para la salud,,Muy bueno,,,,,,,,,,,,
,,,,,,,,,,,,,,,,,,,,,,,,,,,,,,,,,,,Atención de urgencias obstétricas,Referencia de emergencia,Valoración integral primera infancia,"Valorar crecimiento, desarrollo, estado nutricional, salud bucal, visual, auditiva y entorno familiar",,,,,,,,,,,,,,,,
,,,,,,,,,,,,,,,,,,,,,,,,,,,,,,,,,,,Atención de urgencias obstétricas,Referencia de emergencia,Valoración integral primera infancia,Verificar y actualizar esquema de vacunación y suplementación según edad,,,,,,,,,,,,,,,,
,,,,,,,,,,,,,,,,,,,,,,,,,,,,,,,,,,,Atención de urgencias obstétricas,Referencia de emergencia,Valoración integral primera infancia,"Tamizar alteraciones del crecimiento, desarrollo, nutrición, salud visual/auditiva y violencias",,,,,,,,,,,,,,,,
,,,,,,,,,,,,,,,,,,,,,,,,,,,,,,,,,,,Atención de urgencias obstétricas,Referencia de emergencia,Valoración integral primera infancia,"Educar a cuidadores en lactancia, alimentación, crianza, cuidado y signos de alarma",,,,,,,,,,,,,,,,
,,,,,,,,,,,,,,,,,,,,,,,,,,,,,,,,,,,Atención de urgencias obstétricas,Referencia de emergencia,Protección específica,"Valorar crecimiento, desarrollo, estado nutricional, salud bucal, visual, auditiva y entorno familiar",,,,,,,,,,,,,,,,
,,,,,,,,,,,,,,,,,,,,,,,,,,,,,,,,,,,Atención de urgencias obstétricas,Referencia de emergencia,Protección específica,Verificar y actualizar esquema de vacunación y suplementación según edad,,,,,,,,,,,,,,,,
,,,,,,,,,,,,,,,,,,,,,,,,,,,,,,,,,,,Atención de urgencias obstétricas,Referencia de emergencia,Protección específica,"Tamizar alteraciones del crecimiento, desarrollo, nutrición, salud visual/auditiva y violencias",,,,,,,,,,,,,,,,
,,,,,,,,,,,,,,,,,,,,,,,,,,,,,,,,,,,Atención de urgencias obstétricas,Referencia de emergencia,Protección específica,"Educar a cuidadores en lactancia, alimentación, crianza, cuidado y signos de alarma",,,,,,,,,,,,,,,,
,,,,,,,,,,,,,,,,,,,,,,,,,,,,,,,,,,,Atención de urgencias obstétricas,Referencia de emergencia,Detección temprana,"Valorar crecimiento, desarrollo, estado nutricional, salud bucal, visual, auditiva y entorno familiar",,,,,,,,,,,,,,,,
,,,,,,,,,,,,,,,,,,,,,,,,,,,,,,,,,,,Atención de urgencias obstétricas,Referencia de emergencia,Detección temprana,Verificar y actualizar esquema de vacunación y suplementación según edad,,,,,,,,,,,,,,,,
,,,,,,,,,,,,,,,,,,,,,,,,,,,,,,,,,,,Atención de urgencias obstétricas,Referencia de emergencia,Detección temprana,"Tamizar alteraciones del crecimiento, desarrollo, nutrición, salud visual/auditiva y violencias",,,,,,,,,,,,,,,,
,,,,,,,,,,,,,,,,,,,,,,,,,,,,,,,,,,,Atención de urgencias obstétricas,Referencia de emergencia,Detección temprana,"Educar a cuidadores en lactancia, alimentación, crianza, cuidado y signos de alarma",,,,,,,,,,,,,,,,
,,,,,,,,,,,,,,,,,,,,,,,,,,,,,,,,,,,Atención de urgencias obstétricas,Referencia de emergencia,Educación para la salud,"Valorar crecimiento, desarrollo, estado nutricional, salud bucal, visual, auditiva y entorno familiar",,,,,,,,,,,,,,,,
,,,,,,,,,,,,,,,,,,,,,,,,,,,,,,,,,,,Atención de urgencias obstétricas,Referencia de emergencia,Educación para la salud,Verificar y actualizar esquema de vacunación y suplementación según edad,,,,,,,,,,,,,,,,
,,,,,,,,,,,,,,,,,,,,,,,,,,,,,,,,,,,Atención de urgencias obstétricas,Referencia de emergencia,Educación para la salud,"Tamizar alteraciones del crecimiento, desarrollo, nutrición, salud visual/auditiva y violencias",,,,,,,,,,,,,,,,
,,,,,,,,,,,,,,,,,,,,,,,,,,,,,,,,,,,Atención de urgencias obstétricas,Referencia de emergencia,Educación para la salud,"Educar a cuidadores en lactancia, alimentación, crianza, cuidado y signos de alarma",,,,,,,,,,,,,,,,
,,,,,,,,,,,,,,,,,,,,,,,,,,,,,,,,,,,Atención de urgencias obstétricas,Referencia de emergencia,Educación para la salud,"Educar a cuidadores en lactancia, alimentación, crianza, cuidado y signos de alarma",,,,,,,,,,,,,,,,
,,,,,,,,,,,,,,,,,,,,,,,,,,,,,,,,,,,Atención del parto,Ingreso para atención del parto,Valoración integral infancia,"Evaluar crecimiento, desarrollo, aprendizaje, salud bucal, visual, auditiva, nutrición y entorno",,,,,,,,,,,,,,,,
,,,,,,,,,,,,,,,,,,,,,,,,,,,,,,,,,,,Atención del parto,Ingreso para atención del parto,Valoración integral infancia,"Verificar vacunación, salud bucal preventiva y acciones de protección según edad",,,,,,,,,,,,,,,,
,,,,,,,,,,,,,,,,,,,,,,,,,,,,,,,,,,,Atención del parto,Ingreso para atención del parto,Valoración integral infancia,"Tamizar alteraciones nutricionales, visuales, auditivas, salud mental, violencias y riesgos familiares",,,,,,,,,,,,,,,,
,,,,,,,,,,,,,,,,,,,,,,,,,,,,,,,,,,,Atención del parto,Ingreso para atención del parto,Valoración integral infancia,"Fortalecer autocuidado, hábitos saludables, convivencia, actividad física y alimentación saludable",,,,,,,,,,,,,,,,
,,,,,,,,,,,,,,,,,,,,,,,,,,,,,,,,,,,Atención del parto,Ingreso para atención del parto,Protección específica,"Evaluar crecimiento, desarrollo, aprendizaje, salud bucal, visual, auditiva, nutrición y entorno",,,,,,,,,,,,,,,,
,,,,,,,,,,,,,,,,,,,,,,,,,,,,,,,,,,,Atención del parto,Ingreso para atención del parto,Protección específica,"Verificar vacunación, salud bucal preventiva y acciones de protección según edad",,,,,,,,,,,,,,,,
,,,,,,,,,,,,,,,,,,,,,,,,,,,,,,,,,,,Atención del parto,Ingreso para atención del parto,Protección específica,"Tamizar alteraciones nutricionales, visuales, auditivas, salud mental, violencias y riesgos familiares",,,,,,,,,,,,,,,,
,,,,,,,,,,,,,,,,,,,,,,,,,,,,,,,,,,,Atención del parto,Ingreso para atención del parto,Protección específica,"Fortalecer autocuidado, hábitos saludables, convivencia, actividad física y alimentación saludable",,,,,,,,,,,,,,,,
,,,,,,,,,,,,,,,,,,,,,,,,,,,,,,,,,,,Atención del parto,Ingreso para atención del parto,Detección temprana,"Evaluar crecimiento, desarrollo, aprendizaje, salud bucal, visual, auditiva, nutrición y entorno",,,,,,,,,,,,,,,,
,,,,,,,,,,,,,,,,,,,,,,,,,,,,,,,,,,,Atención del parto,Ingreso para atención del parto,Detección temprana,"Verificar vacunación, salud bucal preventiva y acciones de protección según edad",,,,,,,,,,,,,,,,
,,,,,,,,,,,,,,,,,,,,,,,,,,,,,,,,,,,Atención del parto,Ingreso para atención del parto,Detección temprana,"Tamizar alteraciones nutricionales, visuales, auditivas, salud mental, violencias y riesgos familiares",,,,,,,,,,,,,,,,
,,,,,,,,,,,,,,,,,,,,,,,,,,,,,,,,,,,Atención del parto,Ingreso para atención del parto,Detección temprana,"Fortalecer autocuidado, hábitos saludables, convivencia, actividad física y alimentación saludable",,,,,,,,,,,,,,,,
,,,,,,,,,,,,,,,,,,,,,,,,,,,,,,,,,,,Atención del parto,Ingreso para atención del parto,Educación para la salud,"Evaluar crecimiento, desarrollo, aprendizaje, salud bucal, visual, auditiva, nutrición y entorno",,,,,,,,,,,,,,,,
,,,,,,,,,,,,,,,,,,,,,,,,,,,,,,,,,,,Atención del parto,Ingreso para atención del parto,Educación para la salud,"Verificar vacunación, salud bucal preventiva y acciones de protección según edad",,,,,,,,,,,,,,,,
,,,,,,,,,,,,,,,,,,,,,,,,,,,,,,,,,,,Atención del parto,Ingreso para atención del parto,Educación para la salud,"Tamizar alteraciones nutricionales, visuales, auditivas, salud mental, violencias y riesgos familiares",,,,,,,,,,,,,,,,
,,,,,,,,,,,,,,,,,,,,,,,,,,,,,,,,,,,Atención del parto,Ingreso para atención del parto,Educación para la salud,"Fortalecer autocuidado, hábitos saludables, convivencia, actividad física y alimentación saludable",,,,,,,,,,,,,,,,
,,,,,,,,,,,,,,,,,,,,,,,,,,,,,,,,,,,Atención del parto,Atención segura del parto,Valoración integral infancia,"Evaluar crecimiento, desarrollo, aprendizaje, salud bucal, visual, auditiva, nutrición y entorno",,,,,,,,,,,,,,,,
,,,,,,,,,,,,,,,,,,,,,,,,,,,,,,,,,,,Atención del parto,Atención segura del parto,Valoración integral infancia,"Verificar vacunación, salud bucal preventiva y acciones de protección según edad",,,,,,,,,,,,,,,,
,,,,,,,,,,,,,,,,,,,,,,,,,,,,,,,,,,,Atención del parto,Atención segura del parto,Valoración integral infancia,"Tamizar alteraciones nutricionales, visuales, auditivas, salud mental, violencias y riesgos familiares",,,,,,,,,,,,,,,,
,,,,,,,,,,,,,,,,,,,,,,,,,,,,,,,,,,,Atención del parto,Atención segura del parto,Valoración integral infancia,"Fortalecer autocuidado, hábitos saludables, convivencia, actividad física y alimentación saludable",,,,,,,,,,,,,,,,
,,,,,,,,,,,,,,,,,,,,,,,,,,,,,,,,,,,Atención del parto,Atención segura del parto,Protección específica,"Evaluar crecimiento, desarrollo, aprendizaje, salud bucal, visual, auditiva, nutrición y entorno",,,,,,,,,,,,,,,,
,,,,,,,,,,,,,,,,,,,,,,,,,,,,,,,,,,,Atención del parto,Atención segura del parto,Protección específica,"Verificar vacunación, salud bucal preventiva y acciones de protección según edad",,,,,,,,,,,,,,,,
,,,,,,,,,,,,,,,,,,,,,,,,,,,,,,,,,,,Atención del parto,Atención segura del parto,Protección específica,"Tamizar alteraciones nutricionales, visuales, auditivas, salud mental, violencias y riesgos familiares",,,,,,,,,,,,,,,,
,,,,,,,,,,,,,,,,,,,,,,,,,,,,,,,,,,,Atención del parto,Atención segura del parto,Protección específica,"Fortalecer autocuidado, hábitos saludables, convivencia, actividad física y alimentación saludable",,,,,,,,,,,,,,,,
,,,,,,,,,,,,,,,,,,,,,,,,,,,,,,,,,,,Atención del parto,Atención segura del parto,Detección temprana,"Evaluar crecimiento, desarrollo, aprendizaje, salud bucal, visual, auditiva, nutrición y entorno",,,,,,,,,,,,,,,,
,,,,,,,,,,,,,,,,,,,,,,,,,,,,,,,,,,,Atención del parto,Atención segura del parto,Detección temprana,"Verificar vacunación, salud bucal preventiva y acciones de protección según edad",,,,,,,,,,,,,,,,
,,,,,,,,,,,,,,,,,,,,,,,,,,,,,,,,,,,Atención del parto,Atención segura del parto,Detección temprana,"Tamizar alteraciones nutricionales, visuales, auditivas, salud mental, violencias y riesgos familiares",,,,,,,,,,,,,,,,
,,,,,,,,,,,,,,,,,,,,,,,,,,,,,,,,,,,Atención del parto,Atención segura del parto,Detección temprana,"Fortalecer autocuidado, hábitos saludables, convivencia, actividad física y alimentación saludable",,,,,,,,,,,,,,,,
,,,,,,,,,,,,,,,,,,,,,,,,,,,,,,,,,,,Atención del parto,Atención segura del parto,Educación para la salud,"Evaluar crecimiento, desarrollo, aprendizaje, salud bucal, visual, auditiva, nutrición y entorno",,,,,,,,,,,,,,,,
,,,,,,,,,,,,,,,,,,,,,,,,,,,,,,,,,,,Atención del parto,Atención segura del parto,Educación para la salud,"Verificar vacunación, salud bucal preventiva y acciones de protección según edad",,,,,,,,,,,,,,,,
,,,,,,,,,,,,,,,,,,,,,,,,,,,,,,,,,,,Atención del parto,Atención segura del parto,Educación para la salud,"Tamizar alteraciones nutricionales, visuales, auditivas, salud mental, violencias y riesgos familiares",,,,,,,,,,,,,,,,
,,,,,,,,,,,,,,,,,,,,,,,,,,,,,,,,,,,Atención del parto,Atención segura del parto,Educación para la salud,"Fortalecer autocuidado, hábitos saludables, convivencia, actividad física y alimentación saludable",,,,,,,,,,,,,,,,
,,,,,,,,,,,,,,,,,,,,,,,,,,,,,,,,,,,Atención del parto,Vigilancia del posparto inmediato,Valoración integral infancia,"Evaluar crecimiento, desarrollo, aprendizaje, salud bucal, visual, auditiva, nutrición y entorno",,,,,,,,,,,,,,,,
,,,,,,,,,,,,,,,,,,,,,,,,,,,,,,,,,,,Atención del parto,Vigilancia del posparto inmediato,Valoración integral infancia,"Verificar vacunación, salud bucal preventiva y acciones de protección según edad",,,,,,,,,,,,,,,,
,,,,,,,,,,,,,,,,,,,,,,,,,,,,,,,,,,,Atención del parto,Vigilancia del posparto inmediato,Valoración integral infancia,"Tamizar alteraciones nutricionales, visuales, auditivas, salud mental, violencias y riesgos familiares",,,,,,,,,,,,,,,,
,,,,,,,,,,,,,,,,,,,,,,,,,,,,,,,,,,,Atención del parto,Vigilancia del posparto inmediato,Valoración integral infancia,"Fortalecer autocuidado, hábitos saludables, convivencia, actividad física y alimentación saludable",,,,,,,,,,,,,,,,
,,,,,,,,,,,,,,,,,,,,,,,,,,,,,,,,,,,Atención del parto,Vigilancia del posparto inmediato,Protección específica,"Evaluar crecimiento, desarrollo, aprendizaje, salud bucal, visual, auditiva, nutrición y entorno",,,,,,,,,,,,,,,,
,,,,,,,,,,,,,,,,,,,,,,,,,,,,,,,,,,,Atención del parto,Vigilancia del posparto inmediato,Protección específica,"Verificar vacunación, salud bucal preventiva y acciones de protección según edad",,,,,,,,,,,,,,,,
,,,,,,,,,,,,,,,,,,,,,,,,,,,,,,,,,,,Atención del parto,Vigilancia del posparto inmediato,Protección específica,"Tamizar alteraciones nutricionales, visuales, auditivas, salud mental, violencias y riesgos familiares",,,,,,,,,,,,,,,,
,,,,,,,,,,,,,,,,,,,,,,,,,,,,,,,,,,,Atención del parto,Vigilancia del posparto inmediato,Protección específica,"Fortalecer autocuidado, hábitos saludables, convivencia, actividad física y alimentación saludable",,,,,,,,,,,,,,,,
,,,,,,,,,,,,,,,,,,,,,,,,,,,,,,,,,,,Atención del parto,Vigilancia del posparto inmediato,Detección temprana,"Evaluar crecimiento, desarrollo, aprendizaje, salud bucal, visual, auditiva, nutrición y entorno",,,,,,,,,,,,,,,,
,,,,,,,,,,,,,,,,,,,,,,,,,,,,,,,,,,,Atención del parto,Vigilancia del posparto inmediato,Detección temprana,"Verificar vacunación, salud bucal preventiva y acciones de protección según edad",,,,,,,,,,,,,,,,
,,,,,,,,,,,,,,,,,,,,,,,,,,,,,,,,,,,Atención del parto,Vigilancia del posparto inmediato,Detección temprana,"Tamizar alteraciones nutricionales, visuales, auditivas, salud mental, violencias y riesgos familiares",,,,,,,,,,,,,,,,
,,,,,,,,,,,,,,,,,,,,,,,,,,,,,,,,,,,Atención del parto,Vigilancia del posparto inmediato,Detección temprana,"Fortalecer autocuidado, hábitos saludables, convivencia, actividad física y alimentación saludable",,,,,,,,,,,,,,,,
,,,,,,,,,,,,,,,,,,,,,,,,,,,,,,,,,,,Atención del parto,Vigilancia del posparto inmediato,Educación para la salud,"Evaluar crecimiento, desarrollo, aprendizaje, salud bucal, visual, auditiva, nutrición y entorno",,,,,,,,,,,,,,,,
,,,,,,,,,,,,,,,,,,,,,,,,,,,,,,,,,,,Atención del parto,Vigilancia del posparto inmediato,Educación para la salud,"Verificar vacunación, salud bucal preventiva y acciones de protección según edad",,,,,,,,,,,,,,,,
,,,,,,,,,,,,,,,,,,,,,,,,,,,,,,,,,,,Atención del parto,Vigilancia del posparto inmediato,Educación para la salud,"Tamizar alteraciones nutricionales, visuales, auditivas, salud mental, violencias y riesgos familiares",,,,,,,,,,,,,,,,
,,,,,,,,,,,,,,,,,,,,,,,,,,,,,,,,,,,Atención del parto,Vigilancia del posparto inmediato,Educación para la salud,"Fortalecer autocuidado, hábitos saludables, convivencia, actividad física y alimentación saludable",,,,,,,,,,,,,,,,
,,,,,,,,,,,,,,,,,,,,,,,,,,,,,,,,,,,Atención del parto,Detección temprana,Valoración integral infancia,"Evaluar crecimiento, desarrollo, aprendizaje, salud bucal, visual, auditiva, nutrición y entorno",,,,,,,,,,,,,,,,
,,,,,,,,,,,,,,,,,,,,,,,,,,,,,,,,,,,Atención del parto,Detección temprana,Valoración integral infancia,"Verificar vacunación, salud bucal preventiva y acciones de protección según edad",,,,,,,,,,,,,,,,
,,,,,,,,,,,,,,,,,,,,,,,,,,,,,,,,,,,Atención del parto,Detección temprana,Valoración integral infancia,"Tamizar alteraciones nutricionales, visuales, auditivas, salud mental, violencias y riesgos familiares",,,,,,,,,,,,,,,,
,,,,,,,,,,,,,,,,,,,,,,,,,,,,,,,,,,,Atención del parto,Detección temprana,Valoración integral infancia,"Fortalecer autocuidado, hábitos saludables, convivencia, actividad física y alimentación saludable",,,,,,,,,,,,,,,,
,,,,,,,,,,,,,,,,,,,,,,,,,,,,,,,,,,,Atención del parto,Detección temprana,Protección específica,"Evaluar crecimiento, desarrollo, aprendizaje, salud bucal, visual, auditiva, nutrición y entorno",,,,,,,,,,,,,,,,
,,,,,,,,,,,,,,,,,,,,,,,,,,,,,,,,,,,Atención del parto,Detección temprana,Protección específica,"Verificar vacunación, salud bucal preventiva y acciones de protección según edad",,,,,,,,,,,,,,,,
,,,,,,,,,,,,,,,,,,,,,,,,,,,,,,,,,,,Atención del parto,Detección temprana,Protección específica,"Tamizar alteraciones nutricionales, visuales, auditivas, salud mental, violencias y riesgos familiares",,,,,,,,,,,,,,,,
,,,,,,,,,,,,,,,,,,,,,,,,,,,,,,,,,,,Atención del parto,Detección temprana,Protección específica,"Fortalecer autocuidado, hábitos saludables, convivencia, actividad física y alimentación saludable",,,,,,,,,,,,,,,,
,,,,,,,,,,,,,,,,,,,,,,,,,,,,,,,,,,,Atención del parto,Detección temprana,Detección temprana,"Evaluar crecimiento, desarrollo, aprendizaje, salud bucal, visual, auditiva, nutrición y entorno",,,,,,,,,,,,,,,,
,,,,,,,,,,,,,,,,,,,,,,,,,,,,,,,,,,,Atención del parto,Detección temprana,Detección temprana,"Verificar vacunación, salud bucal preventiva y acciones de protección según edad",,,,,,,,,,,,,,,,
,,,,,,,,,,,,,,,,,,,,,,,,,,,,,,,,,,,Atención del parto,Detección temprana,Detección temprana,"Tamizar alteraciones nutricionales, visuales, auditivas, salud mental, violencias y riesgos familiares",,,,,,,,,,,,,,,,
,,,,,,,,,,,,,,,,,,,,,,,,,,,,,,,,,,,Atención del parto,Detección temprana,Detección temprana,"Fortalecer autocuidado, hábitos saludables, convivencia, actividad física y alimentación saludable",,,,,,,,,,,,,,,,
,,,,,,,,,,,,,,,,,,,,,,,,,,,,,,,,,,,Atención del parto,Detección temprana,Educación para la salud,"Evaluar crecimiento, desarrollo, aprendizaje, salud bucal, visual, auditiva, nutrición y entorno",,,,,,,,,,,,,,,,
,,,,,,,,,,,,,,,,,,,,,,,,,,,,,,,,,,,Atención del parto,Detección temprana,Educación para la salud,"Verificar vacunación, salud bucal preventiva y acciones de protección según edad",,,,,,,,,,,,,,,,
,,,,,,,,,,,,,,,,,,,,,,,,,,,,,,,,,,,Atención del parto,Detección temprana,Educación para la salud,"Tamizar alteraciones nutricionales, visuales, auditivas, salud mental, violencias y riesgos familiares",,,,,,,,,,,,,,,,
,,,,,,,,,,,,,,,,,,,,,,,,,,,,,,,,,,,Atención del parto,Detección temprana,Educación para la salud,"Fortalecer autocuidado, hábitos saludables, convivencia, actividad física y alimentación saludable",,,,,,,,,,,,,,,,
,,,,,,,,,,,,,,,,,,,,,,,,,,,,,,,,,,,Atención del recién nacido,Adaptación neonatal inmediata,Valoración integral adolescencia,"Evaluar riesgos físicos, emocionales, sociales, salud mental, salud sexual y reproductiva, consumo SPA y violencias",,,,,,,,,,,,,,,,
,,,,,,,,,,,,,,,,,,,,,,,,,,,,,,,,,,,Atención del recién nacido,Adaptación neonatal inmediata,Valoración integral adolescencia,"Brindar consejería en derechos sexuales y reproductivos, anticoncepción y prevención de ITS/embarazo",,,,,,,,,,,,,,,,
,,,,,,,,,,,,,,,,,,,,,,,,,,,,,,,,,,,Atención del recién nacido,Adaptación neonatal inmediata,Valoración integral adolescencia,"Tamizar salud mental, consumo de SPA, violencias y riesgo suicida; canalizar hallazgos",,,,,,,,,,,,,,,,
,,,,,,,,,,,,,,,,,,,,,,,,,,,,,,,,,,,Atención del recién nacido,Adaptación neonatal inmediata,Valoración integral adolescencia,"Promover proyecto de vida, autocuidado, alimentación saludable, actividad física y participación",,,,,,,,,,,,,,,,
,,,,,,,,,,,,,,,,,,,,,,,,,,,,,,,,,,,Atención del recién nacido,Adaptación neonatal inmediata,Salud sexual y reproductiva,"Evaluar riesgos físicos, emocionales, sociales, salud mental, salud sexual y reproductiva, consumo SPA y violencias",,,,,,,,,,,,,,,,
,,,,,,,,,,,,,,,,,,,,,,,,,,,,,,,,,,,Atención del recién nacido,Adaptación neonatal inmediata,Salud sexual y reproductiva,"Brindar consejería en derechos sexuales y reproductivos, anticoncepción y prevención de ITS/embarazo",,,,,,,,,,,,,,,,
,,,,,,,,,,,,,,,,,,,,,,,,,,,,,,,,,,,Atención del recién nacido,Adaptación neonatal inmediata,Salud sexual y reproductiva,"Tamizar salud mental, consumo de SPA, violencias y riesgo suicida; canalizar hallazgos",,,,,,,,,,,,,,,,
,,,,,,,,,,,,,,,,,,,,,,,,,,,,,,,,,,,Atención del recién nacido,Adaptación neonatal inmediata,Salud sexual y reproductiva,"Promover proyecto de vida, autocuidado, alimentación saludable, actividad física y participación",,,,,,,,,,,,,,,,
,,,,,,,,,,,,,,,,,,,,,,,,,,,,,,,,,,,Atención del recién nacido,Adaptación neonatal inmediata,Salud mental y convivencia,"Evaluar riesgos físicos, emocionales, sociales, salud mental, salud sexual y reproductiva, consumo SPA y violencias",,,,,,,,,,,,,,,,
,,,,,,,,,,,,,,,,,,,,,,,,,,,,,,,,,,,Atención del recién nacido,Adaptación neonatal inmediata,Salud mental y convivencia,"Brindar consejería en derechos sexuales y reproductivos, anticoncepción y prevención de ITS/embarazo",,,,,,,,,,,,,,,,
,,,,,,,,,,,,,,,,,,,,,,,,,,,,,,,,,,,Atención del recién nacido,Adaptación neonatal inmediata,Salud mental y convivencia,"Tamizar salud mental, consumo de SPA, violencias y riesgo suicida; canalizar hallazgos",,,,,,,,,,,,,,,,
,,,,,,,,,,,,,,,,,,,,,,,,,,,,,,,,,,,Atención del recién nacido,Adaptación neonatal inmediata,Salud mental y convivencia,"Promover proyecto de vida, autocuidado, alimentación saludable, actividad física y participación",,,,,,,,,,,,,,,,
,,,,,,,,,,,,,,,,,,,,,,,,,,,,,,,,,,,Atención del recién nacido,Profilaxis y tamizajes neonatales,Educación para la salud,"Evaluar riesgos físicos, emocionales, sociales, salud mental, salud sexual y reproductiva, consumo SPA y violencias",,,,,,,,,,,,,,,,
,,,,,,,,,,,,,,,,,,,,,,,,,,,,,,,,,,,Atención del recién nacido,Profilaxis y tamizajes neonatales,Educación para la salud,"Brindar consejería en derechos sexuales y reproductivos, anticoncepción y prevención de ITS/embarazo",,,,,,,,,,,,,,,,
,,,,,,,,,,,,,,,,,,,,,,,,,,,,,,,,,,,Atención del recién nacido,Profilaxis y tamizajes neonatales,Educación para la salud,"Tamizar salud mental, consumo de SPA, violencias y riesgo suicida; canalizar hallazgos",,,,,,,,,,,,,,,,
,,,,,,,,,,,,,,,,,,,,,,,,,,,,,,,,,,,Atención del recién nacido,Profilaxis y tamizajes neonatales,Educación para la salud,"Promover proyecto de vida, autocuidado, alimentación saludable, actividad física y participación",,,,,,,,,,,,,,,,
,,,,,,,,,,,,,,,,,,,,,,,,,,,,,,,,,,,Atención del recién nacido,Profilaxis y tamizajes neonatales,Valoración integral adolescencia,"Evaluar riesgos físicos, emocionales, sociales, salud mental, salud sexual y reproductiva, consumo SPA y violencias",,,,,,,,,,,,,,,,
,,,,,,,,,,,,,,,,,,,,,,,,,,,,,,,,,,,Atención del recién nacido,Profilaxis y tamizajes neonatales,Valoración integral adolescencia,"Brindar consejería en derechos sexuales y reproductivos, anticoncepción y prevención de ITS/embarazo",,,,,,,,,,,,,,,,
,,,,,,,,,,,,,,,,,,,,,,,,,,,,,,,,,,,Atención del recién nacido,Profilaxis y tamizajes neonatales,Valoración integral adolescencia,"Tamizar salud mental, consumo de SPA, violencias y riesgo suicida; canalizar hallazgos",,,,,,,,,,,,,,,,
,,,,,,,,,,,,,,,,,,,,,,,,,,,,,,,,,,,Atención del recién nacido,Profilaxis y tamizajes neonatales,Valoración integral adolescencia,"Promover proyecto de vida, autocuidado, alimentación saludable, actividad física y participación",,,,,,,,,,,,,,,,
,,,,,,,,,,,,,,,,,,,,,,,,,,,,,,,,,,,Atención del recién nacido,Profilaxis y tamizajes neonatales,Salud sexual y reproductiva,"Evaluar riesgos físicos, emocionales, sociales, salud mental, salud sexual y reproductiva, consumo SPA y violencias",,,,,,,,,,,,,,,,
,,,,,,,,,,,,,,,,,,,,,,,,,,,,,,,,,,,Atención del recién nacido,Profilaxis y tamizajes neonatales,Salud sexual y reproductiva,"Brindar consejería en derechos sexuales y reproductivos, anticoncepción y prevención de ITS/embarazo",,,,,,,,,,,,,,,,
,,,,,,,,,,,,,,,,,,,,,,,,,,,,,,,,,,,Atención del recién nacido,Profilaxis y tamizajes neonatales,Salud sexual y reproductiva,"Tamizar salud mental, consumo de SPA, violencias y riesgo suicida; canalizar hallazgos",,,,,,,,,,,,,,,,
,,,,,,,,,,,,,,,,,,,,,,,,,,,,,,,,,,,Atención del recién nacido,Profilaxis y tamizajes neonatales,Salud sexual y reproductiva,"Promover proyecto de vida, autocuidado, alimentación saludable, actividad física y participación",,,,,,,,,,,,,,,,
,,,,,,,,,,,,,,,,,,,,,,,,,,,,,,,,,,,Atención del recién nacido,Clasificación de riesgo neonatal,Salud mental y convivencia,"Evaluar riesgos físicos, emocionales, sociales, salud mental, salud sexual y reproductiva, consumo SPA y violencias",,,,,,,,,,,,,,,,
,,,,,,,,,,,,,,,,,,,,,,,,,,,,,,,,,,,Atención del recién nacido,Clasificación de riesgo neonatal,Salud mental y convivencia,"Brindar consejería en derechos sexuales y reproductivos, anticoncepción y prevención de ITS/embarazo",,,,,,,,,,,,,,,,
,,,,,,,,,,,,,,,,,,,,,,,,,,,,,,,,,,,Atención del recién nacido,Clasificación de riesgo neonatal,Salud mental y convivencia,"Tamizar salud mental, consumo de SPA, violencias y riesgo suicida; canalizar hallazgos",,,,,,,,,,,,,,,,
,,,,,,,,,,,,,,,,,,,,,,,,,,,,,,,,,,,Atención del recién nacido,Clasificación de riesgo neonatal,Salud mental y convivencia,"Promover proyecto de vida, autocuidado, alimentación saludable, actividad física y participación",,"Evaluar riesgos físicos, emocionales, sociales, salud mental, salud sexual y reproductiva, consumo SPA y violencias",,Muy bueno,,,,,,,,,,,,
,,,,,,,,,,,,,,,,,,,,,,,,,,,,,,,,,,,Atención del recién nacido,Clasificación de riesgo neonatal,Educación para la salud,"Evaluar riesgos físicos, emocionales, sociales, salud mental, salud sexual y reproductiva, consumo SPA y violencias",,"Brindar consejería en derechos sexuales y reproductivos, anticoncepción y prevención de ITS/embarazo",,Muy bueno,,,,,,,,,,,,
,,,,,,,,,,,,,,,,,,,,,,,,,,,,,,,,,,,Atención del recién nacido,Clasificación de riesgo neonatal,Educación para la salud,"Brindar consejería en derechos sexuales y reproductivos, anticoncepción y prevención de ITS/embarazo",,"Tamizar salud mental, consumo de SPA, violencias y riesgo suicida; canalizar hallazgos",,Muy bueno,,,,,,,,,,,,
,,,,,,,,,,,,,,,,,,,,,,,,,,,,,,,,,,,Atención del recién nacido,Clasificación de riesgo neonatal,Educación para la salud,"Tamizar salud mental, consumo de SPA, violencias y riesgo suicida; canalizar hallazgos",,"Promover proyecto de vida, autocuidado, alimentación saludable, actividad física y participación",,Muy bueno,,,,,,,,,,,,
,,,,,,,,,,,,,,,,,,,,,,,,,,,,,,,,,,,Atención del recién nacido,Clasificación de riesgo neonatal,Educación para la salud,"Promover proyecto de vida, autocuidado, alimentación saludable, actividad física y participación",,,,,,,,,,,,,,,,
,,,,,,,,,,,,,,,,,,,,,,,,,,,,,,,,,,,Atención del recién nacido,Clasificación de riesgo neonatal,Valoración integral adolescencia,"Evaluar riesgos físicos, emocionales, sociales, salud mental, salud sexual y reproductiva, consumo SPA y violencias",,,,,,,,,,,,,,,,
,,,,,,,,,,,,,,,,,,,,,,,,,,,,,,,,,,,Atención del recién nacido,Clasificación de riesgo neonatal,Valoración integral adolescencia,"Brindar consejería en derechos sexuales y reproductivos, anticoncepción y prevención de ITS/embarazo",,,,,,,,,,,,,,,,
,,,,,,,,,,,,,,,,,,,,,,,,,,,,,,,,,,,Atención del recién nacido,Clasificación de riesgo neonatal,Valoración integral adolescencia,"Tamizar salud mental, consumo de SPA, violencias y riesgo suicida; canalizar hallazgos",,,,,,,,,,,,,,,,
,,,,,,,,,,,,,,,,,,,,,,,,,,,,,,,,,,,Atención del recién nacido,Clasificación de riesgo neonatal,Valoración integral adolescencia,"Promover proyecto de vida, autocuidado, alimentación saludable, actividad física y participación",,,,,,,,,,,,,,,,
,,,,,,,,,,,,,,,,,,,,,,,,,,,,,,,,,,,Lactancia materna,Inicio temprano de lactancia,Valoración integral juventud,"Identificar riesgos y factores protectores físicos, mentales, sociales, laborales y familiares",,,,,,,,,,,,,,,,
,,,,,,,,,,,,,,,,,,,,,,,,,,,,,,,,,,,Lactancia materna,Inicio temprano de lactancia,Valoración integral juventud,"Ofertar anticoncepción, prevención de ITS, derechos sexuales y reproductivos y asesoría preconcepcional cuando aplique",,,,,,,,,,,,,,,,
,,,,,,,,,,,,,,,,,,,,,,,,,,,,,,,,,,,Lactancia materna,Inicio temprano de lactancia,Valoración integral juventud,"Tamizar depresión, ansiedad, consumo SPA, violencias y riesgo suicida; activar ruta si aplica",,,,,,,,,,,,,,,,
,,,,,,,,,,,,,,,,,,,,,,,,,,,,,,,,,,,Lactancia materna,Inicio temprano de lactancia,Valoración integral juventud,"Promover hábitos saludables, autocuidado, actividad física, nutrición y prevención de violencias",,,,,,,,,,,,,,,,
,,,,,,,,,,,,,,,,,,,,,,,,,,,,,,,,,,,Lactancia materna,Inicio temprano de lactancia,Planificación familiar y SSR,"Identificar riesgos y factores protectores físicos, mentales, sociales, laborales y familiares",,,,,,,,,,,,,,,,
,,,,,,,,,,,,,,,,,,,,,,,,,,,,,,,,,,,Lactancia materna,Inicio temprano de lactancia,Planificación familiar y SSR,"Ofertar anticoncepción, prevención de ITS, derechos sexuales y reproductivos y asesoría preconcepcional cuando aplique",,,,,,,,,,,,,,,,
,,,,,,,,,,,,,,,,,,,,,,,,,,,,,,,,,,,Lactancia materna,Inicio temprano de lactancia,Planificación familiar y SSR,"Tamizar depresión, ansiedad, consumo SPA, violencias y riesgo suicida; activar ruta si aplica",,,,,,,,,,,,,,,,
,,,,,,,,,,,,,,,,,,,,,,,,,,,,,,,,,,,Lactancia materna,Inicio temprano de lactancia,Planificación familiar y SSR,"Promover hábitos saludables, autocuidado, actividad física, nutrición y prevención de violencias",,,,,,,,,,,,,,,,
,,,,,,,,,,,,,,,,,,,,,,,,,,,,,,,,,,,Lactancia materna,Inicio temprano de lactancia,Salud mental y consumo SPA,"Identificar riesgos y factores protectores físicos, mentales, sociales, laborales y familiares",,,,,,,,,,,,,,,,
,,,,,,,,,,,,,,,,,,,,,,,,,,,,,,,,,,,Lactancia materna,Inicio temprano de lactancia,Salud mental y consumo SPA,"Ofertar anticoncepción, prevención de ITS, derechos sexuales y reproductivos y asesoría preconcepcional cuando aplique",,,,,,,,,,,,,,,,
,,,,,,,,,,,,,,,,,,,,,,,,,,,,,,,,,,,Lactancia materna,Inicio temprano de lactancia,Salud mental y consumo SPA,"Tamizar depresión, ansiedad, consumo SPA, violencias y riesgo suicida; activar ruta si aplica",,,,,,,,,,,,,,,,
,,,,,,,,,,,,,,,,,,,,,,,,,,,,,,,,,,,Lactancia materna,Inicio temprano de lactancia,Salud mental y consumo SPA,"Promover hábitos saludables, autocuidado, actividad física, nutrición y prevención de violencias",,,,,,,,,,,,,,,,
,,,,,,,,,,,,,,,,,,,,,,,,,,,,,,,,,,,Lactancia materna,Inicio temprano de lactancia,Educación para la salud,"Identificar riesgos y factores protectores físicos, mentales, sociales, laborales y familiares",,,,,,,,,,,,,,,,
,,,,,,,,,,,,,,,,,,,,,,,,,,,,,,,,,,,Lactancia materna,Inicio temprano de lactancia,Educación para la salud,"Ofertar anticoncepción, prevención de ITS, derechos sexuales y reproductivos y asesoría preconcepcional cuando aplique",,,,,,,,,,,,,,,,
,,,,,,,,,,,,,,,,,,,,,,,,,,,,,,,,,,,Lactancia materna,Inicio temprano de lactancia,Educación para la salud,"Tamizar depresión, ansiedad, consumo SPA, violencias y riesgo suicida; activar ruta si aplica",,,,,,,,,,,,,,,,
,,,,,,,,,,,,,,,,,,,,,,,,,,,,,,,,,,,Lactancia materna,Inicio temprano de lactancia,Educación para la salud,"Promover hábitos saludables, autocuidado, actividad física, nutrición y prevención de violencias",,,,,,,,,,,,,,,,
,,,,,,,,,,,,,,,,,,,,,,,,,,,,,,,,,,,Lactancia materna,Consejería en lactancia,Valoración integral juventud,"Identificar riesgos y factores protectores físicos, mentales, sociales, laborales y familiares",,,,,,,,,,,,,,,,
,,,,,,,,,,,,,,,,,,,,,,,,,,,,,,,,,,,Lactancia materna,Consejería en lactancia,Valoración integral juventud,"Ofertar anticoncepción, prevención de ITS, derechos sexuales y reproductivos y asesoría preconcepcional cuando aplique",,,,,,,,,,,,,,,,
,,,,,,,,,,,,,,,,,,,,,,,,,,,,,,,,,,,Lactancia materna,Consejería en lactancia,Valoración integral juventud,"Tamizar depresión, ansiedad, consumo SPA, violencias y riesgo suicida; activar ruta si aplica",,,,,,,,,,,,,,,,
,,,,,,,,,,,,,,,,,,,,,,,,,,,,,,,,,,,Lactancia materna,Consejería en lactancia,Valoración integral juventud,"Promover hábitos saludables, autocuidado, actividad física, nutrición y prevención de violencias",,,,,,,,,,,,,,,,
,,,,,,,,,,,,,,,,,,,,,,,,,,,,,,,,,,,Lactancia materna,Consejería en lactancia,Planificación familiar y SSR,"Identificar riesgos y factores protectores físicos, mentales, sociales, laborales y familiares",,,,,,,,,,,,,,,,
,,,,,,,,,,,,,,,,,,,,,,,,,,,,,,,,,,,Lactancia materna,Consejería en lactancia,Planificación familiar y SSR,"Ofertar anticoncepción, prevención de ITS, derechos sexuales y reproductivos y asesoría preconcepcional cuando aplique",,,,,,,,,,,,,,,,
,,,,,,,,,,,,,,,,,,,,,,,,,,,,,,,,,,,Lactancia materna,Consejería en lactancia,Planificación familiar y SSR,"Tamizar depresión, ansiedad, consumo SPA, violencias y riesgo suicida; activar ruta si aplica",,,,,,,,,,,,,,,,
,,,,,,,,,,,,,,,,,,,,,,,,,,,,,,,,,,,Lactancia materna,Consejería en lactancia,Planificación familiar y SSR,"Promover hábitos saludables, autocuidado, actividad física, nutrición y prevención de violencias",,,,,,,,,,,,,,,,
,,,,,,,,,,,,,,,,,,,,,,,,,,,,,,,,,,,Lactancia materna,Consejería en lactancia,Salud mental y consumo SPA,"Identificar riesgos y factores protectores físicos, mentales, sociales, laborales y familiares",,,,,,,,,,,,,,,,
,,,,,,,,,,,,,,,,,,,,,,,,,,,,,,,,,,,Lactancia materna,Consejería en lactancia,Salud mental y consumo SPA,"Ofertar anticoncepción, prevención de ITS, derechos sexuales y reproductivos y asesoría preconcepcional cuando aplique",,,,,,,,,,,,,,,,
,,,,,,,,,,,,,,,,,,,,,,,,,,,,,,,,,,,Lactancia materna,Consejería en lactancia,Salud mental y consumo SPA,"Tamizar depresión, ansiedad, consumo SPA, violencias y riesgo suicida; activar ruta si aplica",,,,,,,,,,,,,,,,
,,,,,,,,,,,,,,,,,,,,,,,,,,,,,,,,,,,Lactancia materna,Consejería en lactancia,Salud mental y consumo SPA,"Promover hábitos saludables, autocuidado, actividad física, nutrición y prevención de violencias",,,,,,,,,,,,,,,,
,,,,,,,,,,,,,,,,,,,,,,,,,,,,,,,,,,,Lactancia materna,Consejería en lactancia,Educación para la salud,"Identificar riesgos y factores protectores físicos, mentales, sociales, laborales y familiares",,,,,,,,,,,,,,,,
,,,,,,,,,,,,,,,,,,,,,,,,,,,,,,,,,,,Lactancia materna,Consejería en lactancia,Educación para la salud,"Ofertar anticoncepción, prevención de ITS, derechos sexuales y reproductivos y asesoría preconcepcional cuando aplique",,,,,,,,,,,,,,,,
,,,,,,,,,,,,,,,,,,,,,,,,,,,,,,,,,,,Lactancia materna,Consejería en lactancia,Educación para la salud,"Tamizar depresión, ansiedad, consumo SPA, violencias y riesgo suicida; activar ruta si aplica",,,,,,,,,,,,,,,,
,,,,,,,,,,,,,,,,,,,,,,,,,,,,,,,,,,,Lactancia materna,Consejería en lactancia,Educación para la salud,"Promover hábitos saludables, autocuidado, actividad física, nutrición y prevención de violencias",,,,,,,,,,,,,,,,
,,,,,,,,,,,,,,,,,,,,,,,,,,,,,,,,,,,Lactancia materna,Seguimiento de lactancia,Valoración integral juventud,"Identificar riesgos y factores protectores físicos, mentales, sociales, laborales y familiares",,,,,,,,,,,,,,,,
,,,,,,,,,,,,,,,,,,,,,,,,,,,,,,,,,,,Lactancia materna,Seguimiento de lactancia,Valoración integral juventud,"Ofertar anticoncepción, prevención de ITS, derechos sexuales y reproductivos y asesoría preconcepcional cuando aplique",,,,,,,,,,,,,,,,
,,,,,,,,,,,,,,,,,,,,,,,,,,,,,,,,,,,Lactancia materna,Seguimiento de lactancia,Valoración integral juventud,"Tamizar depresión, ansiedad, consumo SPA, violencias y riesgo suicida; activar ruta si aplica",,,,,,,,,,,,,,,,
,,,,,,,,,,,,,,,,,,,,,,,,,,,,,,,,,,,Lactancia materna,Seguimiento de lactancia,Valoración integral juventud,"Promover hábitos saludables, autocuidado, actividad física, nutrición y prevención de violencias",,,,,,,,,,,,,,,,
,,,,,,,,,,,,,,,,,,,,,,,,,,,,,,,,,,,Lactancia materna,Seguimiento de lactancia,Planificación familiar y SSR,"Identificar riesgos y factores protectores físicos, mentales, sociales, laborales y familiares",,,,,,,,,,,,,,,,
,,,,,,,,,,,,,,,,,,,,,,,,,,,,,,,,,,,Lactancia materna,Seguimiento de lactancia,Planificación familiar y SSR,"Ofertar anticoncepción, prevención de ITS, derechos sexuales y reproductivos y asesoría preconcepcional cuando aplique",,,,,,,,,,,,,,,,
,,,,,,,,,,,,,,,,,,,,,,,,,,,,,,,,,,,Lactancia materna,Seguimiento de lactancia,Planificación familiar y SSR,"Tamizar depresión, ansiedad, consumo SPA, violencias y riesgo suicida; activar ruta si aplica",,,,,,,,,,,,,,,,
,,,,,,,,,,,,,,,,,,,,,,,,,,,,,,,,,,,Lactancia materna,Seguimiento de lactancia,Planificación familiar y SSR,"Promover hábitos saludables, autocuidado, actividad física, nutrición y prevención de violencias",,,,,,,,,,,,,,,,
,,,,,,,,,,,,,,,,,,,,,,,,,,,,,,,,,,,Lactancia materna,Seguimiento de lactancia,Salud mental y consumo SPA,"Identificar riesgos y factores protectores físicos, mentales, sociales, laborales y familiares",,,,,,,,,,,,,,,,
,,,,,,,,,,,,,,,,,,,,,,,,,,,,,,,,,,,Lactancia materna,Seguimiento de lactancia,Salud mental y consumo SPA,"Ofertar anticoncepción, prevención de ITS, derechos sexuales y reproductivos y asesoría preconcepcional cuando aplique",,,,,,,,,,,,,,,,
,,,,,,,,,,,,,,,,,,,,,,,,,,,,,,,,,,,Lactancia materna,Seguimiento de lactancia,Salud mental y consumo SPA,"Tamizar depresión, ansiedad, consumo SPA, violencias y riesgo suicida; activar ruta si aplica",,,,,,,,,,,,,,,,
,,,,,,,,,,,,,,,,,,,,,,,,,,,,,,,,,,,Lactancia materna,Seguimiento de lactancia,Salud mental y consumo SPA,"Promover hábitos saludables, autocuidado, actividad física, nutrición y prevención de violencias",,,,,,,,,,,,,,,,
,,,,,,,,,,,,,,,,,,,,,,,,,,,,,,,,,,,Lactancia materna,Seguimiento de lactancia,Educación para la salud,"Identificar riesgos y factores protectores físicos, mentales, sociales, laborales y familiares",,,,,,,,,,,,,,,,
,,,,,,,,,,,,,,,,,,,,,,,,,,,,,,,,,,,Lactancia materna,Seguimiento de lactancia,Educación para la salud,"Ofertar anticoncepción, prevención de ITS, derechos sexuales y reproductivos y asesoría preconcepcional cuando aplique",,,,,,,,,,,,,,,,
,,,,,,,,,,,,,,,,,,,,,,,,,,,,,,,,,,,Lactancia materna,Seguimiento de lactancia,Educación para la salud,"Tamizar depresión, ansiedad, consumo SPA, violencias y riesgo suicida; activar ruta si aplica",,,,,,,,,,,,,,,,
,,,,,,,,,,,,,,,,,,,,,,,,,,,,,,,,,,,Lactancia materna,Seguimiento de lactancia,Educación para la salud,"Promover hábitos saludables, autocuidado, actividad física, nutrición y prevención de violencias",,,,,,,,,,,,,,,,
,,,,,,,,,,,,,,,,,,,,,,,,,,,,,,,,,,,Seguimiento posparto y control del puerperio,Control del puerperio,Valoración integral adultez,"Valorar riesgo cardiovascular/metabólico, salud mental, salud bucal, SSR, hábitos y condiciones laborales/familiares",,,,,,,,,,,,,,,,
,,,,,,,,,,,,,,,,,,,,,,,,,,,,,,,,,,,Seguimiento posparto y control del puerperio,Control del puerperio,Valoración integral adultez,"Medir presión arterial, IMC, perímetro abdominal y solicitar/valorar pruebas según riesgo",,,,,,,,,,,,,,,,
,,,,,,,,,,,,,,,,,,,,,,,,,,,,,,,,,,,Seguimiento posparto y control del puerperio,Control del puerperio,Valoración integral adultez,"Realizar o gestionar tamizajes según sexo, edad y riesgo: cuello uterino, mama, colon y próstata cuando aplique",,,,,,,,,,,,,,,,
,,,,,,,,,,,,,,,,,,,,,,,,,,,,,,,,,,,Seguimiento posparto y control del puerperio,Control del puerperio,Valoración integral adultez,"Educar en autocuidado, alimentación saludable, actividad física, cesación de tabaco, salud mental y adherencia",,,,,,,,,,,,,,,,
,,,,,,,,,,,,,,,,,,,,,,,,,,,,,,,,,,,Seguimiento posparto y control del puerperio,Control del puerperio,Detección temprana de riesgo cardiovascular y metabólico,"Valorar riesgo cardiovascular/metabólico, salud mental, salud bucal, SSR, hábitos y condiciones laborales/familiares",,,,,,,,,,,,,,,,
,,,,,,,,,,,,,,,,,,,,,,,,,,,,,,,,,,,Seguimiento posparto y control del puerperio,Control del puerperio,Detección temprana de riesgo cardiovascular y metabólico,"Medir presión arterial, IMC, perímetro abdominal y solicitar/valorar pruebas según riesgo",,,,,,,,,,,,,,,,
,,,,,,,,,,,,,,,,,,,,,,,,,,,,,,,,,,,Seguimiento posparto y control del puerperio,Control del puerperio,Detección temprana de riesgo cardiovascular y metabólico,"Realizar o gestionar tamizajes según sexo, edad y riesgo: cuello uterino, mama, colon y próstata cuando aplique",,,,,,,,,,,,,,,,
,,,,,,,,,,,,,,,,,,,,,,,,,,,,,,,,,,,Seguimiento posparto y control del puerperio,Control del puerperio,Detección temprana de riesgo cardiovascular y metabólico,"Educar en autocuidado, alimentación saludable, actividad física, cesación de tabaco, salud mental y adherencia",,,,,,,,,,,,,,,,
,,,,,,,,,,,,,,,,,,,,,,,,,,,,,,,,,,,Seguimiento posparto y control del puerperio,Control del puerperio,Detección temprana de cáncer,"Valorar riesgo cardiovascular/metabólico, salud mental, salud bucal, SSR, hábitos y condiciones laborales/familiares",,,,,,,,,,,,,,,,
,,,,,,,,,,,,,,,,,,,,,,,,,,,,,,,,,,,Seguimiento posparto y control del puerperio,Control del puerperio,Detección temprana de cáncer,"Medir presión arterial, IMC, perímetro abdominal y solicitar/valorar pruebas según riesgo",,,,,,,,,,,,,,,,
,,,,,,,,,,,,,,,,,,,,,,,,,,,,,,,,,,,Seguimiento posparto y control del puerperio,Control del puerperio,Detección temprana de cáncer,"Realizar o gestionar tamizajes según sexo, edad y riesgo: cuello uterino, mama, colon y próstata cuando aplique",,,,,,,,,,,,,,,,
,,,,,,,,,,,,,,,,,,,,,,,,,,,,,,,,,,,Seguimiento posparto y control del puerperio,Control del puerperio,Detección temprana de cáncer,"Educar en autocuidado, alimentación saludable, actividad física, cesación de tabaco, salud mental y adherencia",,,,,,,,,,,,,,,,
,,,,,,,,,,,,,,,,,,,,,,,,,,,,,,,,,,,Seguimiento posparto y control del puerperio,Control del puerperio,Educación para la salud,"Valorar riesgo cardiovascular/metabólico, salud mental, salud bucal, SSR, hábitos y condiciones laborales/familiares",,,,,,,,,,,,,,,,
,,,,,,,,,,,,,,,,,,,,,,,,,,,,,,,,,,,Seguimiento posparto y control del puerperio,Control del puerperio,Educación para la salud,"Medir presión arterial, IMC, perímetro abdominal y solicitar/valorar pruebas según riesgo",,,,,,,,,,,,,,,,
,,,,,,,,,,,,,,,,,,,,,,,,,,,,,,,,,,,Seguimiento posparto y control del puerperio,Control del puerperio,Educación para la salud,"Realizar o gestionar tamizajes según sexo, edad y riesgo: cuello uterino, mama, colon y próstata cuando aplique",,,,,,,,,,,,,,,,
,,,,,,,,,,,,,,,,,,,,,,,,,,,,,,,,,,,Seguimiento posparto y control del puerperio,Control del puerperio,Educación para la salud,"Educar en autocuidado, alimentación saludable, actividad física, cesación de tabaco, salud mental y adherencia",,,,,,,,,,,,,,,,
,,,,,,,,,,,,,,,,,,,,,,,,,,,,,,,,,,,Seguimiento posparto y control del puerperio,Seguimiento posparto,Valoración integral adultez,"Valorar riesgo cardiovascular/metabólico, salud mental, salud bucal, SSR, hábitos y condiciones laborales/familiares",,,,,,,,,,,,,,,,
,,,,,,,,,,,,,,,,,,,,,,,,,,,,,,,,,,,Seguimiento posparto y control del puerperio,Seguimiento posparto,Valoración integral adultez,"Medir presión arterial, IMC, perímetro abdominal y solicitar/valorar pruebas según riesgo",,,,,,,,,,,,,,,,
,,,,,,,,,,,,,,,,,,,,,,,,,,,,,,,,,,,Seguimiento posparto y control del puerperio,Seguimiento posparto,Valoración integral adultez,"Realizar o gestionar tamizajes según sexo, edad y riesgo: cuello uterino, mama, colon y próstata cuando aplique",,,,,,,,,,,,,,,,
,,,,,,,,,,,,,,,,,,,,,,,,,,,,,,,,,,,Seguimiento posparto y control del puerperio,Seguimiento posparto,Valoración integral adultez,"Educar en autocuidado, alimentación saludable, actividad física, cesación de tabaco, salud mental y adherencia",,,,,,,,,,,,,,,,
,,,,,,,,,,,,,,,,,,,,,,,,,,,,,,,,,,,Seguimiento posparto y control del puerperio,Seguimiento posparto,Detección temprana de riesgo cardiovascular y metabólico,"Valorar riesgo cardiovascular/metabólico, salud mental, salud bucal, SSR, hábitos y condiciones laborales/familiares",,,,,,,,,,,,,,,,
,,,,,,,,,,,,,,,,,,,,,,,,,,,,,,,,,,,Seguimiento posparto y control del puerperio,Seguimiento posparto,Detección temprana de riesgo cardiovascular y metabólico,"Medir presión arterial, IMC, perímetro abdominal y solicitar/valorar pruebas según riesgo",,,,,,,,,,,,,,,,
,,,,,,,,,,,,,,,,,,,,,,,,,,,,,,,,,,,Seguimiento posparto y control del puerperio,Seguimiento posparto,Detección temprana de riesgo cardiovascular y metabólico,"Realizar o gestionar tamizajes según sexo, edad y riesgo: cuello uterino, mama, colon y próstata cuando aplique",,,,,,,,,,,,,,,,
,,,,,,,,,,,,,,,,,,,,,,,,,,,,,,,,,,,Seguimiento posparto y control del puerperio,Seguimiento posparto,Detección temprana de riesgo cardiovascular y metabólico,"Educar en autocuidado, alimentación saludable, actividad física, cesación de tabaco, salud mental y adherencia",,,,,,,,,,,,,,,,
,,,,,,,,,,,,,,,,,,,,,,,,,,,,,,,,,,,Seguimiento posparto y control del puerperio,Seguimiento posparto,Detección temprana de cáncer,"Valorar riesgo cardiovascular/metabólico, salud mental, salud bucal, SSR, hábitos y condiciones laborales/familiares",,,,,,,,,,,,,,,,
,,,,,,,,,,,,,,,,,,,,,,,,,,,,,,,,,,,Seguimiento posparto y control del puerperio,Seguimiento posparto,Detección temprana de cáncer,"Medir presión arterial, IMC, perímetro abdominal y solicitar/valorar pruebas según riesgo",,,,,,,,,,,,,,,,
,,,,,,,,,,,,,,,,,,,,,,,,,,,,,,,,,,,Seguimiento posparto y control del puerperio,Seguimiento posparto,Detección temprana de cáncer,"Realizar o gestionar tamizajes según sexo, edad y riesgo: cuello uterino, mama, colon y próstata cuando aplique",,,,,,,,,,,,,,,,
,,,,,,,,,,,,,,,,,,,,,,,,,,,,,,,,,,,Seguimiento posparto y control del puerperio,Seguimiento posparto,Detección temprana de cáncer,"Educar en autocuidado, alimentación saludable, actividad física, cesación de tabaco, salud mental y adherencia",,,,,,,,,,,,,,,,
,,,,,,,,,,,,,,,,,,,,,,,,,,,,,,,,,,,Seguimiento posparto y control del puerperio,Seguimiento posparto,Educación para la salud,"Valorar riesgo cardiovascular/metabólico, salud mental, salud bucal, SSR, hábitos y condiciones laborales/familiares",,,,,,,,,,,,,,,,
,,,,,,,,,,,,,,,,,,,,,,,,,,,,,,,,,,,Seguimiento posparto y control del puerperio,Seguimiento posparto,Educación para la salud,"Medir presión arterial, IMC, perímetro abdominal y solicitar/valorar pruebas según riesgo",,,,,,,,,,,,,,,,
,,,,,,,,,,,,,,,,,,,,,,,,,,,,,,,,,,,Seguimiento posparto y control del puerperio,Seguimiento posparto,Educación para la salud,"Realizar o gestionar tamizajes según sexo, edad y riesgo: cuello uterino, mama, colon y próstata cuando aplique",,,,,,,,,,,,,,,,
,,,,,,,,,,,,,,,,,,,,,,,,,,,,,,,,,,,Seguimiento posparto y control del puerperio,Seguimiento posparto,Educación para la salud,"Educar en autocuidado, alimentación saludable, actividad física, cesación de tabaco, salud mental y adherencia",,,,,,,,,,,,,,,,
,,,,,,,,,,,,,,,,,,,,,,,,,,,,,,,,,,,Seguimiento posparto y control del puerperio,Detección de complicaciones,Valoración integral adultez,"Valorar riesgo cardiovascular/metabólico, salud mental, salud bucal, SSR, hábitos y condiciones laborales/familiares",,,,,,,,,,,,,,,,
,,,,,,,,,,,,,,,,,,,,,,,,,,,,,,,,,,,Seguimiento posparto y control del puerperio,Detección de complicaciones,Valoración integral adultez,"Medir presión arterial, IMC, perímetro abdominal y solicitar/valorar pruebas según riesgo",,,,,,,,,,,,,,,,
,,,,,,,,,,,,,,,,,,,,,,,,,,,,,,,,,,,Seguimiento posparto y control del puerperio,Detección de complicaciones,Valoración integral adultez,"Realizar o gestionar tamizajes según sexo, edad y riesgo: cuello uterino, mama, colon y próstata cuando aplique",,,,,,,,,,,,,,,,
,,,,,,,,,,,,,,,,,,,,,,,,,,,,,,,,,,,Seguimiento posparto y control del puerperio,Detección de complicaciones,Valoración integral adultez,"Educar en autocuidado, alimentación saludable, actividad física, cesación de tabaco, salud mental y adherencia",,,,,,,,,,,,,,,,
,,,,,,,,,,,,,,,,,,,,,,,,,,,,,,,,,,,Seguimiento posparto y control del puerperio,Detección de complicaciones,Detección temprana de riesgo cardiovascular y metabólico,"Valorar riesgo cardiovascular/metabólico, salud mental, salud bucal, SSR, hábitos y condiciones laborales/familiares",,,,,,,,,,,,,,,,
,,,,,,,,,,,,,,,,,,,,,,,,,,,,,,,,,,,Seguimiento posparto y control del puerperio,Detección de complicaciones,Detección temprana de riesgo cardiovascular y metabólico,"Medir presión arterial, IMC, perímetro abdominal y solicitar/valorar pruebas según riesgo",,,,,,,,,,,,,,,,
,,,,,,,,,,,,,,,,,,,,,,,,,,,,,,,,,,,Seguimiento posparto y control del puerperio,Detección de complicaciones,Detección temprana de riesgo cardiovascular y metabólico,"Realizar o gestionar tamizajes según sexo, edad y riesgo: cuello uterino, mama, colon y próstata cuando aplique",,,,,,,,,,,,,,,,
,,,,,,,,,,,,,,,,,,,,,,,,,,,,,,,,,,,Seguimiento posparto y control del puerperio,Detección de complicaciones,Detección temprana de riesgo cardiovascular y metabólico,"Educar en autocuidado, alimentación saludable, actividad física, cesación de tabaco, salud mental y adherencia",,,,,,,,,,,,,,,,
,,,,,,,,,,,,,,,,,,,,,,,,,,,,,,,,,,,Seguimiento posparto y control del puerperio,Detección de complicaciones,Detección temprana de cáncer,"Valorar riesgo cardiovascular/metabólico, salud mental, salud bucal, SSR, hábitos y condiciones laborales/familiares",,,,,,,,,,,,,,,,
,,,,,,,,,,,,,,,,,,,,,,,,,,,,,,,,,,,Seguimiento posparto y control del puerperio,Detección de complicaciones,Detección temprana de cáncer,"Medir presión arterial, IMC, perímetro abdominal y solicitar/valorar pruebas según riesgo",,,,,,,,,,,,,,,,
,,,,,,,,,,,,,,,,,,,,,,,,,,,,,,,,,,,Seguimiento posparto y control del puerperio,Detección de complicaciones,Detección temprana de cáncer,"Realizar o gestionar tamizajes según sexo, edad y riesgo: cuello uterino, mama, colon y próstata cuando aplique",,,,,,,,,,,,,,,,
,,,,,,,,,,,,,,,,,,,,,,,,,,,,,,,,,,,Seguimiento posparto y control del puerperio,Detección de complicaciones,Detección temprana de cáncer,"Educar en autocuidado, alimentación saludable, actividad física, cesación de tabaco, salud mental y adherencia",,,,,,,,,,,,,,,,
,,,,,,,,,,,,,,,,,,,,,,,,,,,,,,,,,,,Seguimiento posparto y control del puerperio,Detección de complicaciones,Educación para la salud,"Valorar riesgo cardiovascular/metabólico, salud mental, salud bucal, SSR, hábitos y condiciones laborales/familiares",,,,,,,,,,,,,,,,
,,,,,,,,,,,,,,,,,,,,,,,,,,,,,,,,,,,Seguimiento posparto y control del puerperio,Detección de complicaciones,Educación para la salud,"Medir presión arterial, IMC, perímetro abdominal y solicitar/valorar pruebas según riesgo",,,,,,,,,,,,,,,,
,,,,,,,,,,,,,,,,,,,,,,,,,,,,,,,,,,,Seguimiento posparto y control del puerperio,Detección de complicaciones,Educación para la salud,"Realizar o gestionar tamizajes según sexo, edad y riesgo: cuello uterino, mama, colon y próstata cuando aplique",,,,,,,,,,,,,,,,
,,,,,,,,,,,,,,,,,,,,,,,,,,,,,,,,,,,Seguimiento posparto y control del puerperio,Detección de complicaciones,Educación para la salud,"Educar en autocuidado, alimentación saludable, actividad física, cesación de tabaco, salud mental y adherencia",,,,,,,,,,,,,,,,
,,,,,,,,,,,,,,,,,,,,,,,,,,,,,,,,,,,Consejería en anticoncepción posparto,Consejería anticonceptiva posparto,Valoración integral vejez,"Valorar funcionalidad, fragilidad, dependencia, cognición, salud mental, nutrición, entorno y red de apoyo",,,,,,,,,,,,,,,,
,,,,,,,,,,,,,,,,,,,,,,,,,,,,,,,,,,,Consejería en anticoncepción posparto,Consejería anticonceptiva posparto,Valoración integral vejez,"Tamizar riesgo de caídas, deterioro cognitivo, depresión, malnutrición y polifarmacia",,,,,,,,,,,,,,,,
,,,,,,,,,,,,,,,,,,,,,,,,,,,,,,,,,,,Consejería en anticoncepción posparto,Consejería anticonceptiva posparto,Valoración integral vejez,"Definir plan de cuidado, seguimiento, canalización y apoyo a cuidador/red familiar según riesgo",,,,,,,,,,,,,,,,
,,,,,,,,,,,,,,,,,,,,,,,,,,,,,,,,,,,Consejería en anticoncepción posparto,Consejería anticonceptiva posparto,Valoración integral vejez,"Educar en autocuidado, actividad física segura, alimentación, adherencia, prevención de caídas y redes de apoyo",,,,,,,,,,,,,,,,
,,,,,,,,,,,,,,,,,,,,,,,,,,,,,,,,,,,Consejería en anticoncepción posparto,Consejería anticonceptiva posparto,Detección temprana de fragilidad y dependencia,"Valorar funcionalidad, fragilidad, dependencia, cognición, salud mental, nutrición, entorno y red de apoyo",,,,,,,,,,,,,,,,
,,,,,,,,,,,,,,,,,,,,,,,,,,,,,,,,,,,Consejería en anticoncepción posparto,Consejería anticonceptiva posparto,Detección temprana de fragilidad y dependencia,"Tamizar riesgo de caídas, deterioro cognitivo, depresión, malnutrición y polifarmacia",,,,,,,,,,,,,,,,
,,,,,,,,,,,,,,,,,,,,,,,,,,,,,,,,,,,Consejería en anticoncepción posparto,Consejería anticonceptiva posparto,Detección temprana de fragilidad y dependencia,"Definir plan de cuidado, seguimiento, canalización y apoyo a cuidador/red familiar según riesgo",,,,,,,,,,,,,,,,
,,,,,,,,,,,,,,,,,,,,,,,,,,,,,,,,,,,Consejería en anticoncepción posparto,Consejería anticonceptiva posparto,Detección temprana de fragilidad y dependencia,"Educar en autocuidado, actividad física segura, alimentación, adherencia, prevención de caídas y redes de apoyo",,,,,,,,,,,,,,,,
,,,,,,,,,,,,,,,,,,,,,,,,,,,,,,,,,,,Consejería en anticoncepción posparto,Consejería anticonceptiva posparto,Plan integral de cuidado,"Valorar funcionalidad, fragilidad, dependencia, cognición, salud mental, nutrición, entorno y red de apoyo",,,,,,,,,,,,,,,,
,,,,,,,,,,,,,,,,,,,,,,,,,,,,,,,,,,,Consejería en anticoncepción posparto,Consejería anticonceptiva posparto,Plan integral de cuidado,"Tamizar riesgo de caídas, deterioro cognitivo, depresión, malnutrición y polifarmacia",,,,,,,,,,,,,,,,
,,,,,,,,,,,,,,,,,,,,,,,,,,,,,,,,,,,Consejería en anticoncepción posparto,Consejería anticonceptiva posparto,Plan integral de cuidado,"Definir plan de cuidado, seguimiento, canalización y apoyo a cuidador/red familiar según riesgo",,,,,,,,,,,,,,,,
,,,,,,,,,,,,,,,,,,,,,,,,,,,,,,,,,,,Consejería en anticoncepción posparto,Consejería anticonceptiva posparto,Plan integral de cuidado,"Educar en autocuidado, actividad física segura, alimentación, adherencia, prevención de caídas y redes de apoyo",,,,,,,,,,,,,,,,
,,,,,,,,,,,,,,,,,,,,,,,,,,,,,,,,,,,Consejería en anticoncepción posparto,Consejería anticonceptiva posparto,Educación para la salud,"Valorar funcionalidad, fragilidad, dependencia, cognición, salud mental, nutrición, entorno y red de apoyo",,,,,,,,,,,,,,,,
,,,,,,,,,,,,,,,,,,,,,,,,,,,,,,,,,,,Consejería en anticoncepción posparto,Consejería anticonceptiva posparto,Educación para la salud,"Tamizar riesgo de caídas, deterioro cognitivo, depresión, malnutrición y polifarmacia",,,,,,,,,,,,,,,,
,,,,,,,,,,,,,,,,,,,,,,,,,,,,,,,,,,,Consejería en anticoncepción posparto,Consejería anticonceptiva posparto,Educación para la salud,"Definir plan de cuidado, seguimiento, canalización y apoyo a cuidador/red familiar según riesgo",,,,,,,,,,,,,,,,
,,,,,,,,,,,,,,,,,,,,,,,,,,,,,,,,,,,Consejería en anticoncepción posparto,Consejería anticonceptiva posparto,Educación para la salud,"Educar en autocuidado, actividad física segura, alimentación, adherencia, prevención de caídas y redes de apoyo",,,,,,,,,,,,,,,,
,,,,,,,,,,,,,,,,,,,,,,,,,,,,,,,,,,,Consejería en anticoncepción posparto,Entrega de método posparto,Valoración integral vejez,"Valorar funcionalidad, fragilidad, dependencia, cognición, salud mental, nutrición, entorno y red de apoyo",,,,,,,,,,,,,,,,
,,,,,,,,,,,,,,,,,,,,,,,,,,,,,,,,,,,Consejería en anticoncepción posparto,Entrega de método posparto,Valoración integral vejez,"Tamizar riesgo de caídas, deterioro cognitivo, depresión, malnutrición y polifarmacia",,,,,,,,,,,,,,,,
,,,,,,,,,,,,,,,,,,,,,,,,,,,,,,,,,,,Consejería en anticoncepción posparto,Entrega de método posparto,Valoración integral vejez,"Definir plan de cuidado, seguimiento, canalización y apoyo a cuidador/red familiar según riesgo",,,,,,,,,,,,,,,,
,,,,,,,,,,,,,,,,,,,,,,,,,,,,,,,,,,,Consejería en anticoncepción posparto,Entrega de método posparto,Valoración integral vejez,"Educar en autocuidado, actividad física segura, alimentación, adherencia, prevención de caídas y redes de apoyo",,,,,,,,,,,,,,,,
,,,,,,,,,,,,,,,,,,,,,,,,,,,,,,,,,,,Consejería en anticoncepción posparto,Entrega de método posparto,Detección temprana de fragilidad y dependencia,"Valorar funcionalidad, fragilidad, dependencia, cognición, salud mental, nutrición, entorno y red de apoyo",,,,,,,,,,,,,,,,
,,,,,,,,,,,,,,,,,,,,,,,,,,,,,,,,,,,Consejería en anticoncepción posparto,Entrega de método posparto,Detección temprana de fragilidad y dependencia,"Tamizar riesgo de caídas, deterioro cognitivo, depresión, malnutrición y polifarmacia",,,,,,,,,,,,,,,,
,,,,,,,,,,,,,,,,,,,,,,,,,,,,,,,,,,,Consejería en anticoncepción posparto,Entrega de método posparto,Detección temprana de fragilidad y dependencia,"Definir plan de cuidado, seguimiento, canalización y apoyo a cuidador/red familiar según riesgo",,,,,,,,,,,,,,,,
,,,,,,,,,,,,,,,,,,,,,,,,,,,,,,,,,,,Consejería en anticoncepción posparto,Entrega de método posparto,Detección temprana de fragilidad y dependencia,"Educar en autocuidado, actividad física segura, alimentación, adherencia, prevención de caídas y redes de apoyo",,,,,,,,,,,,,,,,
,,,,,,,,,,,,,,,,,,,,,,,,,,,,,,,,,,,Consejería en anticoncepción posparto,Entrega de método posparto,Plan integral de cuidado,"Valorar funcionalidad, fragilidad, dependencia, cognición, salud mental, nutrición, entorno y red de apoyo",,,,,,,,,,,,,,,,
,,,,,,,,,,,,,,,,,,,,,,,,,,,,,,,,,,,Consejería en anticoncepción posparto,Entrega de método posparto,Plan integral de cuidado,"Tamizar riesgo de caídas, deterioro cognitivo, depresión, malnutrición y polifarmacia",,,,,,,,,,,,,,,,
,,,,,,,,,,,,,,,,,,,,,,,,,,,,,,,,,,,Consejería en anticoncepción posparto,Entrega de método posparto,Plan integral de cuidado,"Definir plan de cuidado, seguimiento, canalización y apoyo a cuidador/red familiar según riesgo",,,,,,,,,,,,,,,,
,,,,,,,,,,,,,,,,,,,,,,,,,,,,,,,,,,,Consejería en anticoncepción posparto,Entrega de método posparto,Plan integral de cuidado,"Educar en autocuidado, actividad física segura, alimentación, adherencia, prevención de caídas y redes de apoyo",,,,,,,,,,,,,,,,
,,,,,,,,,,,,,,,,,,,,,,,,,,,,,,,,,,,Consejería en anticoncepción posparto,Entrega de método posparto,Educación para la salud,"Valorar funcionalidad, fragilidad, dependencia, cognición, salud mental, nutrición, entorno y red de apoyo",,,,,,,,,,,,,,,,
,,,,,,,,,,,,,,,,,,,,,,,,,,,,,,,,,,,Consejería en anticoncepción posparto,Entrega de método posparto,Educación para la salud,"Tamizar riesgo de caídas, deterioro cognitivo, depresión, malnutrición y polifarmacia",,,,,,,,,,,,,,,,
,,,,,,,,,,,,,,,,,,,,,,,,,,,,,,,,,,,Consejería en anticoncepción posparto,Entrega de método posparto,Educación para la salud,"Definir plan de cuidado, seguimiento, canalización y apoyo a cuidador/red familiar según riesgo",,,,,,,,,,,,,,,,
,,,,,,,,,,,,,,,,,,,,,,,,,,,,,,,,,,,Consejería en anticoncepción posparto,Entrega de método posparto,Educación para la salud,"Educar en autocuidado, actividad física segura, alimentación, adherencia, prevención de caídas y redes de apoyo",,,,,,,,,,,,,,,,
,,,,,,,,,,,,,,,,,,,,,,,,,,,,,,,,,,,Consejería en anticoncepción posparto,Seguimiento anticonceptivo posparto,Valoración integral vejez,"Valorar funcionalidad, fragilidad, dependencia, cognición, salud mental, nutrición, entorno y red de apoyo",,,,,,,,,,,,,,,,
,,,,,,,,,,,,,,,,,,,,,,,,,,,,,,,,,,,Consejería en anticoncepción posparto,Seguimiento anticonceptivo posparto,Valoración integral vejez,"Tamizar riesgo de caídas, deterioro cognitivo, depresión, malnutrición y polifarmacia",,,,,,,,,,,,,,,,
,,,,,,,,,,,,,,,,,,,,,,,,,,,,,,,,,,,Consejería en anticoncepción posparto,Seguimiento anticonceptivo posparto,Valoración integral vejez,"Definir plan de cuidado, seguimiento, canalización y apoyo a cuidador/red familiar según riesgo",,,,,,,,,,,,,,,,
,,,,,,,,,,,,,,,,,,,,,,,,,,,,,,,,,,,Consejería en anticoncepción posparto,Seguimiento anticonceptivo posparto,Valoración integral vejez,"Educar en autocuidado, actividad física segura, alimentación, adherencia, prevención de caídas y redes de apoyo",,,,,,,,,,,,,,,,
,,,,,,,,,,,,,,,,,,,,,,,,,,,,,,,,,,,Consejería en anticoncepción posparto,Seguimiento anticonceptivo posparto,Detección temprana de fragilidad y dependencia,"Valorar funcionalidad, fragilidad, dependencia, cognición, salud mental, nutrición, entorno y red de apoyo",,,,,,,,,,,,,,,,
,,,,,,,,,,,,,,,,,,,,,,,,,,,,,,,,,,,Consejería en anticoncepción posparto,Seguimiento anticonceptivo posparto,Detección temprana de fragilidad y dependencia,"Tamizar riesgo de caídas, deterioro cognitivo, depresión, malnutrición y polifarmacia",,,,,,,,,,,,,,,,
,,,,,,,,,,,,,,,,,,,,,,,,,,,,,,,,,,,Consejería en anticoncepción posparto,Seguimiento anticonceptivo posparto,Detección temprana de fragilidad y dependencia,"Definir plan de cuidado, seguimiento, canalización y apoyo a cuidador/red familiar según riesgo",,,,,,,,,,,,,,,,
,,,,,,,,,,,,,,,,,,,,,,,,,,,,,,,,,,,Consejería en anticoncepción posparto,Seguimiento anticonceptivo posparto,Detección temprana de fragilidad y dependencia,"Educar en autocuidado, actividad física segura, alimentación, adherencia, prevención de caídas y redes de apoyo",,,,,,,,,,,,,,,,
,,,,,,,,,,,,,,,,,,,,,,,,,,,,,,,,,,,Consejería en anticoncepción posparto,Seguimiento anticonceptivo posparto,Plan integral de cuidado,"Valorar funcionalidad, fragilidad, dependencia, cognición, salud mental, nutrición, entorno y red de apoyo",,,,,,,,,,,,,,,,
,,,,,,,,,,,,,,,,,,,,,,,,,,,,,,,,,,,Consejería en anticoncepción posparto,Seguimiento anticonceptivo posparto,Plan integral de cuidado,"Tamizar riesgo de caídas, deterioro cognitivo, depresión, malnutrición y polifarmacia",,,,,,,,,,,,,,,,
,,,,,,,,,,,,,,,,,,,,,,,,,,,,,,,,,,,Consejería en anticoncepción posparto,Seguimiento anticonceptivo posparto,Plan integral de cuidado,"Definir plan de cuidado, seguimiento, canalización y apoyo a cuidador/red familiar según riesgo",,,,,,,,,,,,,,,,
,,,,,,,,,,,,,,,,,,,,,,,,,,,,,,,,,,,Consejería en anticoncepción posparto,Seguimiento anticonceptivo posparto,Plan integral de cuidado,"Educar en autocuidado, actividad física segura, alimentación, adherencia, prevención de caídas y redes de apoyo",,,,,,,,,,,,,,,,
,,,,,,,,,,,,,,,,,,,,,,,,,,,,,,,,,,,Consejería en anticoncepción posparto,Seguimiento anticonceptivo posparto,Educación para la salud,"Valorar funcionalidad, fragilidad, dependencia, cognición, salud mental, nutrición, entorno y red de apoyo",,,,,,,,,,,,,,,,
,,,,,,,,,,,,,,,,,,,,,,,,,,,,,,,,,,,Consejería en anticoncepción posparto,Seguimiento anticonceptivo posparto,Educación para la salud,"Tamizar riesgo de caídas, deterioro cognitivo, depresión, malnutrición y polifarmacia",,,,,,,,,,,,,,,,
,,,,,,,,,,,,,,,,,,,,,,,,,,,,,,,,,,,Consejería en anticoncepción posparto,Seguimiento anticonceptivo posparto,Educación para la salud,"Definir plan de cuidado, seguimiento, canalización y apoyo a cuidador/red familiar según riesgo",,,,,,,,,,,,,,,,
,,,,,,,,,,,,,,,,,,,,,,,,,,,,,,,,,,,Consejería en anticoncepción posparto,Seguimiento anticonceptivo posparto,Educación para la salud,"Educar en autocuidado, actividad física segura, alimentación, adherencia, prevención de caídas y redes de apoyo",,,,,,,,,,,,,,,,
,,,,,,,,,,,,,,,,,,,,,,,,,,,,,,,,,,,Continuidad del cuidado,Plan de continuidad del cuidado,"Definir seguimiento integral de madre, recién nacido, lactancia, anticoncepción y redes de apoyo",Plan de continuidad del cuidado definido,,,,,,,,,,,,,,,,
,,,,,,,,,,,,,,,,,,,,,,,,,,,,,,,,,,,Continuidad del cuidado,Plan de continuidad del cuidado,"Definir seguimiento integral de madre, recién nacido, lactancia, anticoncepción y redes de apoyo",Articulación con red y programas realizada,,,,,,,,,,,,,,,,
,,,,,,,,,,,,,,,,,,,,,,,,,,,,,,,,,,,Continuidad del cuidado,Plan de continuidad del cuidado,"Definir seguimiento integral de madre, recién nacido, lactancia, anticoncepción y redes de apoyo",Brechas de acceso cerradas o gestionadas,,,,,,,,,,,,,,,,
,,,,,,,,,,,,,,,,,,,,,,,,,,,,,,,,,,,Continuidad del cuidado,Plan de continuidad del cuidado,"Articular seguimiento con primer nivel, PIC, rutas de protección y oferta intersectorial",Plan de continuidad del cuidado definido,,,,,,,,,,,,,,,,
,,,,,,,,,,,,,,,,,,,,,,,,,,,,,,,,,,,Continuidad del cuidado,Plan de continuidad del cuidado,"Articular seguimiento con primer nivel, PIC, rutas de protección y oferta intersectorial",Articulación con red y programas realizada,,,,,,,,,,,,,,,,
,,,,,,,,,,,,,,,,,,,,,,,,,,,,,,,,,,,Continuidad del cuidado,Plan de continuidad del cuidado,"Articular seguimiento con primer nivel, PIC, rutas de protección y oferta intersectorial",Brechas de acceso cerradas o gestionadas,,,,,,,,,,,,,,,,
,,,,,,,,,,,,,,,,,,,,,,,,,,,,,,,,,,,Continuidad del cuidado,Plan de continuidad del cuidado,"Monitorear barreras, citas pendientes, resultados y continuidad hasta cierre de brechas",Plan de continuidad del cuidado definido,,,,,,,,,,,,,,,,
,,,,,,,,,,,,,,,,,,,,,,,,,,,,,,,,,,,Continuidad del cuidado,Plan de continuidad del cuidado,"Monitorear barreras, citas pendientes, resultados y continuidad hasta cierre de brechas",Articulación con red y programas realizada,,,,,,,,,,,,,,,,
,,,,,,,,,,,,,,,,,,,,,,,,,,,,,,,,,,,Continuidad del cuidado,Plan de continuidad del cuidado,"Monitorear barreras, citas pendientes, resultados y continuidad hasta cierre de brechas",Brechas de acceso cerradas o gestionadas,,,,,,,,,,,,,,,,
,,,,,,,,,,,,,,,,,,,,,,,,,,,,,,,,,,,Continuidad del cuidado,Articulación con red y programas,"Definir seguimiento integral de madre, recién nacido, lactancia, anticoncepción y redes de apoyo",Plan de continuidad del cuidado definido,,,,,,,,,,,,,,,,
,,,,,,,,,,,,,,,,,,,,,,,,,,,,,,,,,,,Continuidad del cuidado,Articulación con red y programas,"Definir seguimiento integral de madre, recién nacido, lactancia, anticoncepción y redes de apoyo",Articulación con red y programas realizada,,,,,,,,,,,,,,,,
,,,,,,,,,,,,,,,,,,,,,,,,,,,,,,,,,,,Continuidad del cuidado,Articulación con red y programas,"Definir seguimiento integral de madre, recién nacido, lactancia, anticoncepción y redes de apoyo",Brechas de acceso cerradas o gestionadas,,,,,,,,,,,,,,,,
,,,,,,,,,,,,,,,,,,,,,,,,,,,,,,,,,,,Continuidad del cuidado,Articulación con red y programas,"Articular seguimiento con primer nivel, PIC, rutas de protección y oferta intersectorial",Plan de continuidad del cuidado definido,,,,,,,,,,,,,,,,
,,,,,,,,,,,,,,,,,,,,,,,,,,,,,,,,,,,Continuidad del cuidado,Articulación con red y programas,"Articular seguimiento con primer nivel, PIC, rutas de protección y oferta intersectorial",Articulación con red y programas realizada,,,,,,,,,,,,,,,,
,,,,,,,,,,,,,,,,,,,,,,,,,,,,,,,,,,,Continuidad del cuidado,Articulación con red y programas,"Articular seguimiento con primer nivel, PIC, rutas de protección y oferta intersectorial",Brechas de acceso cerradas o gestionadas,,,,,,,,,,,,,,,,
,,,,,,,,,,,,,,,,,,,,,,,,,,,,,,,,,,,Continuidad del cuidado,Articulación con red y programas,"Monitorear barreras, citas pendientes, resultados y continuidad hasta cierre de brechas",Plan de continuidad del cuidado definido,,,,,,,,,,,,,,,,
,,,,,,,,,,,,,,,,,,,,,,,,,,,,,,,,,,,Continuidad del cuidado,Articulación con red y programas,"Monitorear barreras, citas pendientes, resultados y continuidad hasta cierre de brechas",Articulación con red y programas realizada,,,,,,,,,,,,,,,,
,,,,,,,,,,,,,,,,,,,,,,,,,,,,,,,,,,,Continuidad del cuidado,Articulación con red y programas,"Monitorear barreras, citas pendientes, resultados y continuidad hasta cierre de brechas",Brechas de acceso cerradas o gestionadas,,,,,,,,,,,,,,,,
,,,,,,,,,,,,,,,,,,,,,,,,,,,,,,,,,,,Continuidad del cuidado,Cierre de brechas de acceso,"Definir seguimiento integral de madre, recién nacido, lactancia, anticoncepción y redes de apoyo",Plan de continuidad del cuidado definido,,,,,,,,,,,,,,,,
,,,,,,,,,,,,,,,,,,,,,,,,,,,,,,,,,,,Continuidad del cuidado,Cierre de brechas de acceso,"Definir seguimiento integral de madre, recién nacido, lactancia, anticoncepción y redes de apoyo",Articulación con red y programas realizada,,,,,,,,,,,,,,,,
,,,,,,,,,,,,,,,,,,,,,,,,,,,,,,,,,,,Continuidad del cuidado,Cierre de brechas de acceso,"Definir seguimiento integral de madre, recién nacido, lactancia, anticoncepción y redes de apoyo",Brechas de acceso cerradas o gestionadas,,,,,,,,,,,,,,,,
,,,,,,,,,,,,,,,,,,,,,,,,,,,,,,,,,,,Continuidad del cuidado,Cierre de brechas de acceso,"Articular seguimiento con primer nivel, PIC, rutas de protección y oferta intersectorial",Plan de continuidad del cuidado definido,,,,,,,,,,,,,,,,
,,,,,,,,,,,,,,,,,,,,,,,,,,,,,,,,,,,Continuidad del cuidado,Cierre de brechas de acceso,"Articular seguimiento con primer nivel, PIC, rutas de protección y oferta intersectorial",Articulación con red y programas realizada,,,,,,,,,,,,,,,,
,,,,,,,,,,,,,,,,,,,,,,,,,,,,,,,,,,,Continuidad del cuidado,Cierre de brechas de acceso,"Articular seguimiento con primer nivel, PIC, rutas de protección y oferta intersectorial",Brechas de acceso cerradas o gestionadas,,,,,,,,,,,,,,,,
,,,,,,,,,,,,,,,,,,,,,,,,,,,,,,,,,,,Continuidad del cuidado,Cierre de brechas de acceso,"Monitorear barreras, citas pendientes, resultados y continuidad hasta cierre de brechas",Plan de continuidad del cuidado definido,,,,,,,,,,,,,,,,
,,,,,,,,,,,,,,,,,,,,,,,,,,,,,,,,,,,Continuidad del cuidado,Cierre de brechas de acceso,"Monitorear barreras, citas pendientes, resultados y continuidad hasta cierre de brechas",Articulación con red y programas realizada,,,,,,,,,,,,,,,,
,,,,,,,,,,,,,,,,,,,,,,,,,,,,,,,,,,,Continuidad del cuidado,Cierre de brechas de acceso,"Monitorear barreras, citas pendientes, resultados y continuidad hasta cierre de brechas",Brechas de acceso cerradas o gestionadas,,,,,,,,,,,,,,,,
,,,,,,,,,,,,,,,,,,,,,,,,,,,,,,,,,,,Planificación familiar y anticoncepción,Consejería anticonceptiva,Valorar intención reproductiva,Cobertura de anticoncepción,,,,,,,,,,,,,,,,
,,,,,,,,,,,,,,,,,,,,,,,,,,,,,,,,,,,Planificación familiar y anticoncepción,Consejería anticonceptiva,Valorar intención reproductiva,Demanda insatisfecha de anticoncepción,,,,,,,,,,,,,,,,
,,,,,,,,,,,,,,,,,,,,,,,,,,,,,,,,,,,Planificación familiar y anticoncepción,Consejería anticonceptiva,Valorar intención reproductiva,Seguimiento post entrega del método,,,,,,,,,,,,,,,,
,,,,,,,,,,,,,,,,,,,,,,,,,,,,,,,,,,,Planificación familiar y anticoncepción,Consejería anticonceptiva,Informar opciones y signos de alarma,Cobertura de anticoncepción,,,,,,,,,,,,,,,,
,,,,,,,,,,,,,,,,,,,,,,,,,,,,,,,,,,,Planificación familiar y anticoncepción,Consejería anticonceptiva,Informar opciones y signos de alarma,Demanda insatisfecha de anticoncepción,,,,,,,,,,,,,,,,
,,,,,,,,,,,,,,,,,,,,,,,,,,,,,,,,,,,Planificación familiar y anticoncepción,Consejería anticonceptiva,Informar opciones y signos de alarma,Seguimiento post entrega del método,,,,,,,,,,,,,,,,
,,,,,,,,,,,,,,,,,,,,,,,,,,,,,,,,,,,Planificación familiar y anticoncepción,Consejería anticonceptiva,Garantizar acceso efectivo al método,Cobertura de anticoncepción,,,,,,,,,,,,,,,,
,,,,,,,,,,,,,,,,,,,,,,,,,,,,,,,,,,,Planificación familiar y anticoncepción,Consejería anticonceptiva,Garantizar acceso efectivo al método,Demanda insatisfecha de anticoncepción,,,,,,,,,,,,,,,,
,,,,,,,,,,,,,,,,,,,,,,,,,,,,,,,,,,,Planificación familiar y anticoncepción,Consejería anticonceptiva,Garantizar acceso efectivo al método,Seguimiento post entrega del método,,,,,,,,,,,,,,,,
,,,,,,,,,,,,,,,,,,,,,,,,,,,,,,,,,,,Planificación familiar y anticoncepción,Consejería anticonceptiva,Registrar consentimiento y seguimiento,Cobertura de anticoncepción,,,,,,,,,,,,,,,,
,,,,,,,,,,,,,,,,,,,,,,,,,,,,,,,,,,,Planificación familiar y anticoncepción,Consejería anticonceptiva,Registrar consentimiento y seguimiento,Demanda insatisfecha de anticoncepción,,,,,,,,,,,,,,,,
,,,,,,,,,,,,,,,,,,,,,,,,,,,,,,,,,,,Planificación familiar y anticoncepción,Consejería anticonceptiva,Registrar consentimiento y seguimiento,Seguimiento post entrega del método,,,,,,,,,,,,,,,,
,,,,,,,,,,,,,,,,,,,,,,,,,,,,,,,,,,,Planificación familiar y anticoncepción,Entrega o aplicación de método,Valorar intención reproductiva,Cobertura de anticoncepción,,,,,,,,,,,,,,,,
,,,,,,,,,,,,,,,,,,,,,,,,,,,,,,,,,,,Planificación familiar y anticoncepción,Entrega o aplicación de método,Valorar intención reproductiva,Demanda insatisfecha de anticoncepción,,,,,,,,,,,,,,,,
,,,,,,,,,,,,,,,,,,,,,,,,,,,,,,,,,,,Planificación familiar y anticoncepción,Entrega o aplicación de método,Valorar intención reproductiva,Seguimiento post entrega del método,,,,,,,,,,,,,,,,
,,,,,,,,,,,,,,,,,,,,,,,,,,,,,,,,,,,Planificación familiar y anticoncepción,Entrega o aplicación de método,Informar opciones y signos de alarma,Cobertura de anticoncepción,,,,,,,,,,,,,,,,
,,,,,,,,,,,,,,,,,,,,,,,,,,,,,,,,,,,Planificación familiar y anticoncepción,Entrega o aplicación de método,Informar opciones y signos de alarma,Demanda insatisfecha de anticoncepción,,,,,,,,,,,,,,,,
,,,,,,,,,,,,,,,,,,,,,,,,,,,,,,,,,,,Planificación familiar y anticoncepción,Entrega o aplicación de método,Informar opciones y signos de alarma,Seguimiento post entrega del método,,,,,,,,,,,,,,,,
,,,,,,,,,,,,,,,,,,,,,,,,,,,,,,,,,,,Planificación familiar y anticoncepción,Entrega o aplicación de método,Garantizar acceso efectivo al método,Cobertura de anticoncepción,,,,,,,,,,,,,,,,
,,,,,,,,,,,,,,,,,,,,,,,,,,,,,,,,,,,Planificación familiar y anticoncepción,Entrega o aplicación de método,Garantizar acceso efectivo al método,Demanda insatisfecha de anticoncepción,,,,,,,,,,,,,,,,
,,,,,,,,,,,,,,,,,,,,,,,,,,,,,,,,,,,Planificación familiar y anticoncepción,Entrega o aplicación de método,Garantizar acceso efectivo al método,Seguimiento post entrega del método,,,,,,,,,,,,,,,,
,,,,,,,,,,,,,,,,,,,,,,,,,,,,,,,,,,,Planificación familiar y anticoncepción,Entrega o aplicación de método,Registrar consentimiento y seguimiento,Cobertura de anticoncepción,,,,,,,,,,,,,,,,
,,,,,,,,,,,,,,,,,,,,,,,,,,,,,,,,,,,Planificación familiar y anticoncepción,Entrega o aplicación de método,Registrar consentimiento y seguimiento,Demanda insatisfecha de anticoncepción,,,,,,,,,,,,,,,,
,,,,,,,,,,,,,,,,,,,,,,,,,,,,,,,,,,,Planificación familiar y anticoncepción,Entrega o aplicación de método,Registrar consentimiento y seguimiento,Seguimiento post entrega del método,,,,,,,,,,,,,,,,
,,,,,,,,,,,,,,,,,,,,,,,,,,,,,,,,,,,Planificación familiar y anticoncepción,Seguimiento del método,Valorar intención reproductiva,Cobertura de anticoncepción,,,,,,,,,,,,,,,,
,,,,,,,,,,,,,,,,,,,,,,,,,,,,,,,,,,,Planificación familiar y anticoncepción,Seguimiento del método,Valorar intención reproductiva,Demanda insatisfecha de anticoncepción,,,,,,,,,,,,,,,,
,,,,,,,,,,,,,,,,,,,,,,,,,,,,,,,,,,,Planificación familiar y anticoncepción,Seguimiento del método,Valorar intención reproductiva,Seguimiento post entrega del método,,,,,,,,,,,,,,,,
,,,,,,,,,,,,,,,,,,,,,,,,,,,,,,,,,,,Planificación familiar y anticoncepción,Seguimiento del método,Informar opciones y signos de alarma,Cobertura de anticoncepción,,,,,,,,,,,,,,,,
,,,,,,,,,,,,,,,,,,,,,,,,,,,,,,,,,,,Planificación familiar y anticoncepción,Seguimiento del método,Informar opciones y signos de alarma,Demanda insatisfecha de anticoncepción,,,,,,,,,,,,,,,,
,,,,,,,,,,,,,,,,,,,,,,,,,,,,,,,,,,,Planificación familiar y anticoncepción,Seguimiento del método,Informar opciones y signos de alarma,Seguimiento post entrega del método,,,,,,,,,,,,,,,,
,,,,,,,,,,,,,,,,,,,,,,,,,,,,,,,,,,,Planificación familiar y anticoncepción,Seguimiento del método,Garantizar acceso efectivo al método,Cobertura de anticoncepción,,,,,,,,,,,,,,,,
,,,,,,,,,,,,,,,,,,,,,,,,,,,,,,,,,,,Planificación familiar y anticoncepción,Seguimiento del método,Garantizar acceso efectivo al método,Demanda insatisfecha de anticoncepción,,,,,,,,,,,,,,,,
,,,,,,,,,,,,,,,,,,,,,,,,,,,,,,,,,,,Planificación familiar y anticoncepción,Seguimiento del método,Garantizar acceso efectivo al método,Seguimiento post entrega del método,,,,,,,,,,,,,,,,
,,,,,,,,,,,,,,,,,,,,,,,,,,,,,,,,,,,Planificación familiar y anticoncepción,Seguimiento del método,Registrar consentimiento y seguimiento,Cobertura de anticoncepción,,,,,,,,,,,,,,,,
,,,,,,,,,,,,,,,,,,,,,,,,,,,,,,,,,,,Planificación familiar y anticoncepción,Seguimiento del método,Registrar consentimiento y seguimiento,Demanda insatisfecha de anticoncepción,,,,,,,,,,,,,,,,
,,,,,,,,,,,,,,,,,,,,,,,,,,,,,,,,,,,Planificación familiar y anticoncepción,Seguimiento del método,Registrar consentimiento y seguimiento,Seguimiento post entrega del método,,,,,,,,,,,,,,,,
,,,,,,,,,,,,,,,,,,,,,,,,,,,,,,,,,,,Atención preconcepcional,Valoración preconcepcional,Valorar antecedentes y comorbilidades,Consulta preconcepcional realizada,,,,,,,,,,,,,,,,
,,,,,,,,,,,,,,,,,,,,,,,,,,,,,,,,,,,Atención preconcepcional,Valoración preconcepcional,Valorar antecedentes y comorbilidades,Riesgos preconcepcionales identificados,,,,,,,,,,,,,,,,
,,,,,,,,,,,,,,,,,,,,,,,,,,,,,,,,,,,Atención preconcepcional,Valoración preconcepcional,Valorar antecedentes y comorbilidades,Plan de cuidado definido,,,,,,,,,,,,,,,,
,,,,,,,,,,,,,,,,,,,,,,,,,,,,,,,,,,,Atención preconcepcional,Valoración preconcepcional,Solicitar/parar exámenes según riesgo,Consulta preconcepcional realizada,,,,,,,,,,,,,,,,
,,,,,,,,,,,,,,,,,,,,,,,,,,,,,,,,,,,Atención preconcepcional,Valoración preconcepcional,Solicitar/parar exámenes según riesgo,Riesgos preconcepcionales identificados,,,,,,,,,,,,,,,,
,,,,,,,,,,,,,,,,,,,,,,,,,,,,,,,,,,,Atención preconcepcional,Valoración preconcepcional,Solicitar/parar exámenes según riesgo,Plan de cuidado definido,,,,,,,,,,,,,,,,
,,,,,,,,,,,,,,,,,,,,,,,,,,,,,,,,,,,Atención preconcepcional,Valoración preconcepcional,Orientar suplementación y hábitos saludables,Consulta preconcepcional realizada,,,,,,,,,,,,,,,,
,,,,,,,,,,,,,,,,,,,,,,,,,,,,,,,,,,,Atención preconcepcional,Valoración preconcepcional,Orientar suplementación y hábitos saludables,Riesgos preconcepcionales identificados,,,,,,,,,,,,,,,,
,,,,,,,,,,,,,,,,,,,,,,,,,,,,,,,,,,,Atención preconcepcional,Valoración preconcepcional,Orientar suplementación y hábitos saludables,Plan de cuidado definido,,,,,,,,,,,,,,,,
,,,,,,,,,,,,,,,,,,,,,,,,,,,,,,,,,,,Atención preconcepcional,Valoración preconcepcional,Definir remisión si aplica,Consulta preconcepcional realizada,,,,,,,,,,,,,,,,
,,,,,,,,,,,,,,,,,,,,,,,,,,,,,,,,,,,Atención preconcepcional,Valoración preconcepcional,Definir remisión si aplica,Riesgos preconcepcionales identificados,,,,,,,,,,,,,,,,
,,,,,,,,,,,,,,,,,,,,,,,,,,,,,,,,,,,Atención preconcepcional,Valoración preconcepcional,Definir remisión si aplica,Plan de cuidado definido,,,,,,,,,,,,,,,,
,,,,,,,,,,,,,,,,,,,,,,,,,,,,,,,,,,,Atención preconcepcional,Identificación de riesgos,Valorar antecedentes y comorbilidades,Consulta preconcepcional realizada,,,,,,,,,,,,,,,,
,,,,,,,,,,,,,,,,,,,,,,,,,,,,,,,,,,,Atención preconcepcional,Identificación de riesgos,Valorar antecedentes y comorbilidades,Riesgos preconcepcionales identificados,,,,,,,,,,,,,,,,
,,,,,,,,,,,,,,,,,,,,,,,,,,,,,,,,,,,Atención preconcepcional,Identificación de riesgos,Valorar antecedentes y comorbilidades,Plan de cuidado definido,,,,,,,,,,,,,,,,
,,,,,,,,,,,,,,,,,,,,,,,,,,,,,,,,,,,Atención preconcepcional,Identificación de riesgos,Solicitar/parar exámenes según riesgo,Consulta preconcepcional realizada,,,,,,,,,,,,,,,,
,,,,,,,,,,,,,,,,,,,,,,,,,,,,,,,,,,,Atención preconcepcional,Identificación de riesgos,Solicitar/parar exámenes según riesgo,Riesgos preconcepcionales identificados,,,,,,,,,,,,,,,,
,,,,,,,,,,,,,,,,,,,,,,,,,,,,,,,,,,,Atención preconcepcional,Identificación de riesgos,Solicitar/parar exámenes según riesgo,Plan de cuidado definido,,,,,,,,,,,,,,,,
,,,,,,,,,,,,,,,,,,,,,,,,,,,,,,,,,,,Atención preconcepcional,Identificación de riesgos,Orientar suplementación y hábitos saludables,Consulta preconcepcional realizada,,,,,,,,,,,,,,,,
,,,,,,,,,,,,,,,,,,,,,,,,,,,,,,,,,,,Atención preconcepcional,Identificación de riesgos,Orientar suplementación y hábitos saludables,Riesgos preconcepcionales identificados,,,,,,,,,,,,,,,,
,,,,,,,,,,,,,,,,,,,,,,,,,,,,,,,,,,,Atención preconcepcional,Identificación de riesgos,Orientar suplementación y hábitos saludables,Plan de cuidado definido,,,,,,,,,,,,,,,,
,,,,,,,,,,,,,,,,,,,,,,,,,,,,,,,,,,,Atención preconcepcional,Identificación de riesgos,Definir remisión si aplica,Consulta preconcepcional realizada,,,,,,,,,,,,,,,,
,,,,,,,,,,,,,,,,,,,,,,,,,,,,,,,,,,,Atención preconcepcional,Identificación de riesgos,Definir remisión si aplica,Riesgos preconcepcionales identificados,,,,,,,,,,,,,,,,
,,,,,,,,,,,,,,,,,,,,,,,,,,,,,,,,,,,Atención preconcepcional,Identificación de riesgos,Definir remisión si aplica,Plan de cuidado definido,,,,,,,,,,,,,,,,
,,,,,,,,,,,,,,,,,,,,,,,,,,,,,,,,,,,Atención preconcepcional,Plan de cuidado preconcepcional,Valorar antecedentes y comorbilidades,Consulta preconcepcional realizada,,,,,,,,,,,,,,,,
,,,,,,,,,,,,,,,,,,,,,,,,,,,,,,,,,,,Atención preconcepcional,Plan de cuidado preconcepcional,Valorar antecedentes y comorbilidades,Riesgos preconcepcionales identificados,,,,,,,,,,,,,,,,
,,,,,,,,,,,,,,,,,,,,,,,,,,,,,,,,,,,Atención preconcepcional,Plan de cuidado preconcepcional,Valorar antecedentes y comorbilidades,Plan de cuidado definido,,,,,,,,,,,,,,,,
,,,,,,,,,,,,,,,,,,,,,,,,,,,,,,,,,,,Atención preconcepcional,Plan de cuidado preconcepcional,Solicitar/parar exámenes según riesgo,Consulta preconcepcional realizada,,,,,,,,,,,,,,,,
,,,,,,,,,,,,,,,,,,,,,,,,,,,,,,,,,,,Atención preconcepcional,Plan de cuidado preconcepcional,Solicitar/parar exámenes según riesgo,Riesgos preconcepcionales identificados,,,,,,,,,,,,,,,,
,,,,,,,,,,,,,,,,,,,,,,,,,,,,,,,,,,,Atención preconcepcional,Plan de cuidado preconcepcional,Solicitar/parar exámenes según riesgo,Plan de cuidado definido,,,,,,,,,,,,,,,,
,,,,,,,,,,,,,,,,,,,,,,,,,,,,,,,,,,,Atención preconcepcional,Plan de cuidado preconcepcional,Orientar suplementación y hábitos saludables,Consulta preconcepcional realizada,,,,,,,,,,,,,,,,
,,,,,,,,,,,,,,,,,,,,,,,,,,,,,,,,,,,Atención preconcepcional,Plan de cuidado preconcepcional,Orientar suplementación y hábitos saludables,Riesgos preconcepcionales identificados,,,,,,,,,,,,,,,,
,,,,,,,,,,,,,,,,,,,,,,,,,,,,,,,,,,,Atención preconcepcional,Plan de cuidado preconcepcional,Orientar suplementación y hábitos saludables,Plan de cuidado definido,,,,,,,,,,,,,,,,
,,,,,,,,,,,,,,,,,,,,,,,,,,,,,,,,,,,Atención preconcepcional,Plan de cuidado preconcepcional,Definir remisión si aplica,Consulta preconcepcional realizada,,,,,,,,,,,,,,,,
,,,,,,,,,,,,,,,,,,,,,,,,,,,,,,,,,,,Atención preconcepcional,Plan de cuidado preconcepcional,Definir remisión si aplica,Riesgos preconcepcionales identificados,,,,,,,,,,,,,,,,
,,,,,,,,,,,,,,,,,,,,,,,,,,,,,,,,,,,Atención preconcepcional,Plan de cuidado preconcepcional,Definir remisión si aplica,Plan de cuidado definido,,,,,,,,,,,,,,,,
,,,,,,,,,,,,,,,,,,,,,,,,,,,,,,,,,,,Atención preconcepcional,Valoración preconcepcional,Valorar antecedentes y comorbilidades,Consulta preconcepcional realizada,,,,,,,,,,,,,,,,
,,,,,,,,,,,,,,,,,,,,,,,,,,,,,,,,,,,Atención preconcepcional,Valoración preconcepcional,Valorar antecedentes y comorbilidades,Riesgos preconcepcionales identificados,,,,,,,,,,,,,,,,
,,,,,,,,,,,,,,,,,,,,,,,,,,,,,,,,,,,Atención preconcepcional,Valoración preconcepcional,Valorar antecedentes y comorbilidades,Plan de cuidado definido,,,,,,,,,,,,,,,,
,,,,,,,,,,,,,,,,,,,,,,,,,,,,,,,,,,,Atención preconcepcional,Valoración preconcepcional,Solicitar/parar exámenes según riesgo,Consulta preconcepcional realizada,,,,,,,,,,,,,,,,
,,,,,,,,,,,,,,,,,,,,,,,,,,,,,,,,,,,Atención preconcepcional,Valoración preconcepcional,Solicitar/parar exámenes según riesgo,Riesgos preconcepcionales identificados,,,,,,,,,,,,,,,,
,,,,,,,,,,,,,,,,,,,,,,,,,,,,,,,,,,,Atención preconcepcional,Valoración preconcepcional,Solicitar/parar exámenes según riesgo,Plan de cuidado definido,,,,,,,,,,,,,,,,
,,,,,,,,,,,,,,,,,,,,,,,,,,,,,,,,,,,Atención preconcepcional,Valoración preconcepcional,Orientar suplementación y hábitos saludables,Consulta preconcepcional realizada,,,,,,,,,,,,,,,,
,,,,,,,,,,,,,,,,,,,,,,,,,,,,,,,,,,,Atención preconcepcional,Valoración preconcepcional,Orientar suplementación y hábitos saludables,Riesgos preconcepcionales identificados,,,,,,,,,,,,,,,,
,,,,,,,,,,,,,,,,,,,,,,,,,,,,,,,,,,,Atención preconcepcional,Valoración preconcepcional,Orientar suplementación y hábitos saludables,Plan de cuidado definido,,,,,,,,,,,,,,,,
,,,,,,,,,,,,,,,,,,,,,,,,,,,,,,,,,,,Atención preconcepcional,Valoración preconcepcional,Definir remisión si aplica,Consulta preconcepcional realizada,,,,,,,,,,,,,,,,
,,,,,,,,,,,,,,,,,,,,,,,,,,,,,,,,,,,Atención preconcepcional,Valoración preconcepcional,Definir remisión si aplica,Riesgos preconcepcionales identificados,,,,,,,,,,,,,,,,
,,,,,,,,,,,,,,,,,,,,,,,,,,,,,,,,,,,Atención preconcepcional,Valoración preconcepcional,Definir remisión si aplica,Plan de cuidado definido,,,,,,,,,,,,,,,,
,,,,,,,,,,,,,,,,,,,,,,,,,,,,,,,,,,,Atención preconcepcional,Identificación de riesgos,Valorar antecedentes y comorbilidades,Consulta preconcepcional realizada,,,,,,,,,,,,,,,,
,,,,,,,,,,,,,,,,,,,,,,,,,,,,,,,,,,,Atención preconcepcional,Identificación de riesgos,Valorar antecedentes y comorbilidades,Riesgos preconcepcionales identificados,,,,,,,,,,,,,,,,
,,,,,,,,,,,,,,,,,,,,,,,,,,,,,,,,,,,Atención preconcepcional,Identificación de riesgos,Valorar antecedentes y comorbilidades,Plan de cuidado definido,,,,,,,,,,,,,,,,
,,,,,,,,,,,,,,,,,,,,,,,,,,,,,,,,,,,Atención preconcepcional,Identificación de riesgos,Solicitar/parar exámenes según riesgo,Consulta preconcepcional realizada,,,,,,,,,,,,,,,,
,,,,,,,,,,,,,,,,,,,,,,,,,,,,,,,,,,,Atención preconcepcional,Identificación de riesgos,Solicitar/parar exámenes según riesgo,Riesgos preconcepcionales identificados,,,,,,,,,,,,,,,,
,,,,,,,,,,,,,,,,,,,,,,,,,,,,,,,,,,,Atención preconcepcional,Identificación de riesgos,Solicitar/parar exámenes según riesgo,Plan de cuidado definido,,,,,,,,,,,,,,,,
,,,,,,,,,,,,,,,,,,,,,,,,,,,,,,,,,,,Atención preconcepcional,Identificación de riesgos,Orientar suplementación y hábitos saludables,Consulta preconcepcional realizada,,,,,,,,,,,,,,,,
,,,,,,,,,,,,,,,,,,,,,,,,,,,,,,,,,,,Atención preconcepcional,Identificación de riesgos,Orientar suplementación y hábitos saludables,Riesgos preconcepcionales identificados,,,,,,,,,,,,,,,,
,,,,,,,,,,,,,,,,,,,,,,,,,,,,,,,,,,,Atención preconcepcional,Identificación de riesgos,Orientar suplementación y hábitos saludables,Plan de cuidado definido,,,,,,,,,,,,,,,,
,,,,,,,,,,,,,,,,,,,,,,,,,,,,,,,,,,,Atención preconcepcional,Identificación de riesgos,Definir remisión si aplica,Consulta preconcepcional realizada,,,,,,,,,,,,,,,,
,,,,,,,,,,,,,,,,,,,,,,,,,,,,,,,,,,,Atención preconcepcional,Identificación de riesgos,Definir remisión si aplica,Riesgos preconcepcionales identificados,,,,,,,,,,,,,,,,
,,,,,,,,,,,,,,,,,,,,,,,,,,,,,,,,,,,Atención preconcepcional,Identificación de riesgos,Definir remisión si aplica,Plan de cuidado definido,,,,,,,,,,,,,,,,
,,,,,,,,,,,,,,,,,,,,,,,,,,,,,,,,,,,Atención preconcepcional,Plan de cuidado preconcepcional,Valorar antecedentes y comorbilidades,Consulta preconcepcional realizada,,,,,,,,,,,,,,,,
,,,,,,,,,,,,,,,,,,,,,,,,,,,,,,,,,,,Atención preconcepcional,Plan de cuidado preconcepcional,Valorar antecedentes y comorbilidades,Riesgos preconcepcionales identificados,,,,,,,,,,,,,,,,
,,,,,,,,,,,,,,,,,,,,,,,,,,,,,,,,,,,Atención preconcepcional,Plan de cuidado preconcepcional,Valorar antecedentes y comorbilidades,Plan de cuidado definido,,,,,,,,,,,,,,,,
,,,,,,,,,,,,,,,,,,,,,,,,,,,,,,,,,,,Atención preconcepcional,Plan de cuidado preconcepcional,Solicitar/parar exámenes según riesgo,Consulta preconcepcional realizada,,,,,,,,,,,,,,,,
,,,,,,,,,,,,,,,,,,,,,,,,,,,,,,,,,,,Atención preconcepcional,Plan de cuidado preconcepcional,Solicitar/parar exámenes según riesgo,Riesgos preconcepcionales identificados,,,,,,,,,,,,,,,,
,,,,,,,,,,,,,,,,,,,,,,,,,,,,,,,,,,,Atención preconcepcional,Plan de cuidado preconcepcional,Solicitar/parar exámenes según riesgo,Plan de cuidado definido,,,,,,,,,,,,,,,,
,,,,,,,,,,,,,,,,,,,,,,,,,,,,,,,,,,,Atención preconcepcional,Plan de cuidado preconcepcional,Orientar suplementación y hábitos saludables,Consulta preconcepcional realizada,,,,,,,,,,,,,,,,
,,,,,,,,,,,,,,,,,,,,,,,,,,,,,,,,,,,Atención preconcepcional,Plan de cuidado preconcepcional,Orientar suplementación y hábitos saludables,Riesgos preconcepcionales identificados,,,,,,,,,,,,,,,,
,,,,,,,,,,,,,,,,,,,,,,,,,,,,,,,,,,,Atención preconcepcional,Plan de cuidado preconcepcional,Orientar suplementación y hábitos saludables,Plan de cuidado definido,,,,,,,,,,,,,,,,
,,,,,,,,,,,,,,,,,,,,,,,,,,,,,,,,,,,Atención preconcepcional,Plan de cuidado preconcepcional,Definir remisión si aplica,Consulta preconcepcional realizada,,,,,,,,,,,,,,,,
,,,,,,,,,,,,,,,,,,,,,,,,,,,,,,,,,,,Atención preconcepcional,Plan de cuidado preconcepcional,Definir remisión si aplica,Riesgos preconcepcionales identificados,,,,,,,,,,,,,,,,
,,,,,,,,,,,,,,,,,,,,,,,,,,,,,,,,,,,Atención preconcepcional,Plan de cuidado preconcepcional,Definir remisión si aplica,Plan de cuidado definido,,,,,,,,,,,,,,,,
,,,,,,,,,,,,,,,,,,,,,,,,,,,,,,,,,,,Captación temprana de la gestante,Identificación temprana del embarazo,Confirmar embarazo,Captación antes de semana 12,,,,,,,,,,,,,,,,
,,,,,,,,,,,,,,,,,,,,,,,,,,,,,,,,,,,Captación temprana de la gestante,Identificación temprana del embarazo,Confirmar embarazo,Gestantes ingresadas a control prenatal,,,,,,,,,,,,,,,,
,,,,,,,,,,,,,,,,,,,,,,,,,,,,,,,,,,,Captación temprana de la gestante,Identificación temprana del embarazo,Confirmar embarazo,Canalización efectiva,,,,,,,,,,,,,,,,
,,,,,,,,,,,,,,,,,,,,,,,,,,,,,,,,,,,Captación temprana de la gestante,Identificación temprana del embarazo,Ingresar antes de semana 12,Captación antes de semana 12,,,,,,,,,,,,,,,,
,,,,,,,,,,,,,,,,,,,,,,,,,,,,,,,,,,,Captación temprana de la gestante,Identificación temprana del embarazo,Ingresar antes de semana 13,Gestantes ingresadas a control prenatal,,,,,,,,,,,,,,,,
,,,,,,,,,,,,,,,,,,,,,,,,,,,,,,,,,,,Captación temprana de la gestante,Identificación temprana del embarazo,Ingresar antes de semana 14,Canalización efectiva,,,,,,,,,,,,,,,,
,,,,,,,,,,,,,,,,,,,,,,,,,,,,,,,,,,,Captación temprana de la gestante,Identificación temprana del embarazo,Registrar gestante en programa,Captación antes de semana 12,,,,,,,,,,,,,,,,
,,,,,,,,,,,,,,,,,,,,,,,,,,,,,,,,,,,Captación temprana de la gestante,Identificación temprana del embarazo,Registrar gestante en programa,Gestantes ingresadas a control prenatal,,,,,,,,,,,,,,,,
,,,,,,,,,,,,,,,,,,,,,,,,,,,,,,,,,,,Captación temprana de la gestante,Identificación temprana del embarazo,Registrar gestante en programa,Canalización efectiva,,,,,,,,,,,,,,,,
,,,,,,,,,,,,,,,,,,,,,,,,,,,,,,,,,,,Captación temprana de la gestante,Identificación temprana del embarazo,Verificar aseguramiento y contacto,Captación antes de semana 12,,,,,,,,,,,,,,,,
,,,,,,,,,,,,,,,,,,,,,,,,,,,,,,,,,,,Captación temprana de la gestante,Identificación temprana del embarazo,Verificar aseguramiento y contacto,Gestantes ingresadas a control prenatal,,,,,,,,,,,,,,,,
,,,,,,,,,,,,,,,,,,,,,,,,,,,,,,,,,,,Captación temprana de la gestante,Identificación temprana del embarazo,Verificar aseguramiento y contacto,Canalización efectiva,,,,,,,,,,,,,,,,
,,,,,,,,,,,,,,,,,,,,,,,,,,,,,,,,,,,Captación temprana de la gestante,Ingreso temprano al control prenatal,Confirmar embarazo,Captación antes de semana 12,,,,,,,,,,,,,,,,
,,,,,,,,,,,,,,,,,,,,,,,,,,,,,,,,,,,Captación temprana de la gestante,Ingreso temprano al control prenatal,Confirmar embarazo,Gestantes ingresadas a control prenatal,,,,,,,,,,,,,,,,
,,,,,,,,,,,,,,,,,,,,,,,,,,,,,,,,,,,Captación temprana de la gestante,Ingreso temprano al control prenatal,Confirmar embarazo,Canalización efectiva,,,,,,,,,,,,,,,,
,,,,,,,,,,,,,,,,,,,,,,,,,,,,,,,,,,,Captación temprana de la gestante,Ingreso temprano al control prenatal,Ingresar antes de semana 12,Captación antes de semana 12,,,,,,,,,,,,,,,,
,,,,,,,,,,,,,,,,,,,,,,,,,,,,,,,,,,,Captación temprana de la gestante,Ingreso temprano al control prenatal,Ingresar antes de semana 13,Gestantes ingresadas a control prenatal,,,,,,,,,,,,,,,,
,,,,,,,,,,,,,,,,,,,,,,,,,,,,,,,,,,,Captación temprana de la gestante,Ingreso temprano al control prenatal,Ingresar antes de semana 14,Canalización efectiva,,,,,,,,,,,,,,,,
,,,,,,,,,,,,,,,,,,,,,,,,,,,,,,,,,,,Captación temprana de la gestante,Ingreso temprano al control prenatal,Registrar gestante en programa,Captación antes de semana 12,,,,,,,,,,,,,,,,
,,,,,,,,,,,,,,,,,,,,,,,,,,,,,,,,,,,Captación temprana de la gestante,Ingreso temprano al control prenatal,Registrar gestante en programa,Gestantes ingresadas a control prenatal,,,,,,,,,,,,,,,,
,,,,,,,,,,,,,,,,,,,,,,,,,,,,,,,,,,,Captación temprana de la gestante,Ingreso temprano al control prenatal,Registrar gestante en programa,Canalización efectiva,,,,,,,,,,,,,,,,
,,,,,,,,,,,,,,,,,,,,,,,,,,,,,,,,,,,Captación temprana de la gestante,Ingreso temprano al control prenatal,Verificar aseguramiento y contacto,Captación antes de semana 12,,,,,,,,,,,,,,,,
,,,,,,,,,,,,,,,,,,,,,,,,,,,,,,,,,,,Captación temprana de la gestante,Ingreso temprano al control prenatal,Verificar aseguramiento y contacto,Gestantes ingresadas a control prenatal,,,,,,,,,,,,,,,,
,,,,,,,,,,,,,,,,,,,,,,,,,,,,,,,,,,,Captación temprana de la gestante,Ingreso temprano al control prenatal,Verificar aseguramiento y contacto,Canalización efectiva,,,,,,,,,,,,,,,,
,,,,,,,,,,,,,,,,,,,,,,,,,,,,,,,,,,,Captación temprana de la gestante,Canalización efectiva,Confirmar embarazo,Captación antes de semana 12,,,,,,,,,,,,,,,,
,,,,,,,,,,,,,,,,,,,,,,,,,,,,,,,,,,,Captación temprana de la gestante,Canalización efectiva,Confirmar embarazo,Gestantes ingresadas a control prenatal,,,,,,,,,,,,,,,,
,,,,,,,,,,,,,,,,,,,,,,,,,,,,,,,,,,,Captación temprana de la gestante,Canalización efectiva,Confirmar embarazo,Canalización efectiva,,,,,,,,,,,,,,,,
,,,,,,,,,,,,,,,,,,,,,,,,,,,,,,,,,,,Captación temprana de la gestante,Canalización efectiva,Ingresar antes de semana 12,Captación antes de semana 12,,,,,,,,,,,,,,,,
,,,,,,,,,,,,,,,,,,,,,,,,,,,,,,,,,,,Captación temprana de la gestante,Canalización efectiva,Ingresar antes de semana 13,Gestantes ingresadas a control prenatal,,,,,,,,,,,,,,,,
,,,,,,,,,,,,,,,,,,,,,,,,,,,,,,,,,,,Captación temprana de la gestante,Canalización efectiva,Ingresar antes de semana 14,Canalización efectiva,,,,,,,,,,,,,,,,
,,,,,,,,,,,,,,,,,,,,,,,,,,,,,,,,,,,Captación temprana de la gestante,Canalización efectiva,Registrar gestante en programa,Captación antes de semana 12,,,,,,,,,,,,,,,,
,,,,,,,,,,,,,,,,,,,,,,,,,,,,,,,,,,,Captación temprana de la gestante,Canalización efectiva,Registrar gestante en programa,Gestantes ingresadas a control prenatal,,,,,,,,,,,,,,,,
,,,,,,,,,,,,,,,,,,,,,,,,,,,,,,,,,,,Captación temprana de la gestante,Canalización efectiva,Registrar gestante en programa,Canalización efectiva,,,,,,,,,,,,,,,,
,,,,,,,,,,,,,,,,,,,,,,,,,,,,,,,,,,,Captación temprana de la gestante,Canalización efectiva,Verificar aseguramiento y contacto,Captación antes de semana 12,,,,,,,,,,,,,,,,
,,,,,,,,,,,,,,,,,,,,,,,,,,,,,,,,,,,Captación temprana de la gestante,Canalización efectiva,Verificar aseguramiento y contacto,Gestantes ingresadas a control prenatal,,,,,,,,,,,,,,,,
,,,,,,,,,,,,,,,,,,,,,,,,,,,,,,,,,,,Captación temprana de la gestante,Canalización efectiva,Verificar aseguramiento y contacto,Canalización efectiva,,,,,,,,,,,,,,,,